--------------------------------------------------------
--  File created - Sunday-January-26-2020   
--------------------------------------------------------
--------------------------------------------------------
--  DDL for Sequence ADRES_ODZIALU_SEQ
--------------------------------------------------------

   CREATE SEQUENCE  "CAR_RENTAL_PROJECT"."ADRES_ODZIALU_SEQ"  MINVALUE 1 MAXVALUE 9999999999999999999999999999 INCREMENT BY 1 START WITH 1 CACHE 20 NOORDER  NOCYCLE  NOKEEP  NOSCALE  GLOBAL ;
--------------------------------------------------------
--  DDL for Sequence ADRES_ODZIALU_SEQ1
--------------------------------------------------------

   CREATE SEQUENCE  "CAR_RENTAL_PROJECT"."ADRES_ODZIALU_SEQ1"  MINVALUE 1 MAXVALUE 9999999999999999999999999999 INCREMENT BY 1 START WITH 21 CACHE 20 NOORDER  NOCYCLE  NOKEEP  NOSCALE  GLOBAL ;
--------------------------------------------------------
--  DDL for Sequence ADRES_SEQ
--------------------------------------------------------

   CREATE SEQUENCE  "CAR_RENTAL_PROJECT"."ADRES_SEQ"  MINVALUE 1 MAXVALUE 9999999999999999999999999999 INCREMENT BY 1 START WITH 61 CACHE 20 NOORDER  NOCYCLE  NOKEEP  NOSCALE  GLOBAL ;
--------------------------------------------------------
--  DDL for Sequence DANE_KONTAKTOWE_ODZIALU_SEQ
--------------------------------------------------------

   CREATE SEQUENCE  "CAR_RENTAL_PROJECT"."DANE_KONTAKTOWE_ODZIALU_SEQ"  MINVALUE 1 MAXVALUE 9999999999999999999999999999 INCREMENT BY 1 START WITH 1 CACHE 20 NOORDER  NOCYCLE  NOKEEP  NOSCALE  GLOBAL ;
--------------------------------------------------------
--  DDL for Sequence KLIENT_SEQ
--------------------------------------------------------

   CREATE SEQUENCE  "CAR_RENTAL_PROJECT"."KLIENT_SEQ"  MINVALUE 1 MAXVALUE 9999999999999999999999999999 INCREMENT BY 1 START WITH 1 CACHE 20 NOORDER  NOCYCLE  NOKEEP  NOSCALE  GLOBAL ;
--------------------------------------------------------
--  DDL for Sequence KLIENT_SEQ1
--------------------------------------------------------

   CREATE SEQUENCE  "CAR_RENTAL_PROJECT"."KLIENT_SEQ1"  MINVALUE 1 MAXVALUE 9999999999999999999999999999 INCREMENT BY 1 START WITH 41 CACHE 20 NOORDER  NOCYCLE  NOKEEP  NOSCALE  GLOBAL ;
--------------------------------------------------------
--  DDL for Sequence LEASING_SEQ
--------------------------------------------------------

   CREATE SEQUENCE  "CAR_RENTAL_PROJECT"."LEASING_SEQ"  MINVALUE 1 MAXVALUE 9999999999999999999999999999 INCREMENT BY 1 START WITH 1 CACHE 20 NOORDER  NOCYCLE  NOKEEP  NOSCALE  GLOBAL ;
--------------------------------------------------------
--  DDL for Sequence LEASING_SEQ1
--------------------------------------------------------

   CREATE SEQUENCE  "CAR_RENTAL_PROJECT"."LEASING_SEQ1"  MINVALUE 1 MAXVALUE 9999999999999999999999999999 INCREMENT BY 1 START WITH 21 CACHE 20 NOORDER  NOCYCLE  NOKEEP  NOSCALE  GLOBAL ;
--------------------------------------------------------
--  DDL for Sequence MARKAMODEL_SEQ
--------------------------------------------------------

   CREATE SEQUENCE  "CAR_RENTAL_PROJECT"."MARKAMODEL_SEQ"  MINVALUE 1 MAXVALUE 9999999999999999999999999999 INCREMENT BY 1 START WITH 41 CACHE 20 NOORDER  NOCYCLE  NOKEEP  NOSCALE  GLOBAL ;
--------------------------------------------------------
--  DDL for Sequence ODDZIAL_SEQ1
--------------------------------------------------------

   CREATE SEQUENCE  "CAR_RENTAL_PROJECT"."ODDZIAL_SEQ1"  MINVALUE 1 MAXVALUE 9999999999999999999999999999 INCREMENT BY 1 START WITH 21 CACHE 20 NOORDER  NOCYCLE  NOKEEP  NOSCALE  GLOBAL ;
--------------------------------------------------------
--  DDL for Sequence PAKIETY_DODATKOWE_SEQ
--------------------------------------------------------

   CREATE SEQUENCE  "CAR_RENTAL_PROJECT"."PAKIETY_DODATKOWE_SEQ"  MINVALUE 1 MAXVALUE 9999999999999999999999999999 INCREMENT BY 1 START WITH 21 CACHE 20 NOORDER  NOCYCLE  NOKEEP  NOSCALE  GLOBAL ;
--------------------------------------------------------
--  DDL for Sequence PRACOWNICY_SEQ
--------------------------------------------------------

   CREATE SEQUENCE  "CAR_RENTAL_PROJECT"."PRACOWNICY_SEQ"  MINVALUE 1 MAXVALUE 9999999999999999999999999999 INCREMENT BY 1 START WITH 41 CACHE 20 NOORDER  NOCYCLE  NOKEEP  NOSCALE  GLOBAL ;
--------------------------------------------------------
--  DDL for Sequence REZERWACJA_SEQ
--------------------------------------------------------

   CREATE SEQUENCE  "CAR_RENTAL_PROJECT"."REZERWACJA_SEQ"  MINVALUE 1 MAXVALUE 9999999999999999999999999999 INCREMENT BY 1 START WITH 41 CACHE 20 NOORDER  NOCYCLE  NOKEEP  NOSCALE  GLOBAL ;
--------------------------------------------------------
--  DDL for Sequence SAMOCHOD_SEGMENT_SEQ
--------------------------------------------------------

   CREATE SEQUENCE  "CAR_RENTAL_PROJECT"."SAMOCHOD_SEGMENT_SEQ"  MINVALUE 1 MAXVALUE 9999999999999999999999999999 INCREMENT BY 1 START WITH 21 CACHE 20 NOORDER  NOCYCLE  NOKEEP  NOSCALE  GLOBAL ;
--------------------------------------------------------
--  DDL for Sequence SAMOCHOD_SEQ
--------------------------------------------------------

   CREATE SEQUENCE  "CAR_RENTAL_PROJECT"."SAMOCHOD_SEQ"  MINVALUE 1 MAXVALUE 9999999999999999999999999999 INCREMENT BY 1 START WITH 41 CACHE 20 NOORDER  NOCYCLE  NOKEEP  NOSCALE  GLOBAL ;
--------------------------------------------------------
--  DDL for Sequence STANOWISKO_SEQ
--------------------------------------------------------

   CREATE SEQUENCE  "CAR_RENTAL_PROJECT"."STANOWISKO_SEQ"  MINVALUE 1 MAXVALUE 9999999999999999999999999999 INCREMENT BY 1 START WITH 21 CACHE 20 NOORDER  NOCYCLE  NOKEEP  NOSCALE  GLOBAL ;
--------------------------------------------------------
--  DDL for Table ADRES
--------------------------------------------------------

  CREATE TABLE "CAR_RENTAL_PROJECT"."ADRES" 
   (	"ID_ADRESU" NUMBER(5,0), 
	"PANSTWO" VARCHAR2(10 BYTE), 
	"MIASTO" VARCHAR2(10 BYTE), 
	"KOD" VARCHAR2(10 BYTE), 
	"NUMER" VARCHAR2(10 BYTE), 
	"ULICA" VARCHAR2(15 BYTE)
   ) SEGMENT CREATION IMMEDIATE 
  PCTFREE 10 PCTUSED 40 INITRANS 1 MAXTRANS 255 
 NOCOMPRESS LOGGING
  STORAGE(INITIAL 65536 NEXT 1048576 MINEXTENTS 1 MAXEXTENTS 2147483645
  PCTINCREASE 0 FREELISTS 1 FREELIST GROUPS 1
  BUFFER_POOL DEFAULT FLASH_CACHE DEFAULT CELL_FLASH_CACHE DEFAULT)
  TABLESPACE "USERS" ;
--------------------------------------------------------
--  DDL for Table ADRES_ODZIALU
--------------------------------------------------------

  CREATE TABLE "CAR_RENTAL_PROJECT"."ADRES_ODZIALU" 
   (	"ID_ADRESU_ODZIALU" NUMBER(3,0), 
	"PANSTWO_ODZIALU" VARCHAR2(8 BYTE), 
	"KOD_ODZIALU" VARCHAR2(10 BYTE), 
	"MIASTO_ODZIALU" VARCHAR2(10 BYTE), 
	"NUMER_ODZIALU" VARCHAR2(10 BYTE), 
	"ULICA_ODZIALU" VARCHAR2(10 BYTE)
   ) SEGMENT CREATION IMMEDIATE 
  PCTFREE 10 PCTUSED 40 INITRANS 1 MAXTRANS 255 
 NOCOMPRESS LOGGING
  STORAGE(INITIAL 65536 NEXT 1048576 MINEXTENTS 1 MAXEXTENTS 2147483645
  PCTINCREASE 0 FREELISTS 1 FREELIST GROUPS 1
  BUFFER_POOL DEFAULT FLASH_CACHE DEFAULT CELL_FLASH_CACHE DEFAULT)
  TABLESPACE "USERS" ;
--------------------------------------------------------
--  DDL for Table DANE_KONTAKTOWE_ODZIALU
--------------------------------------------------------

  CREATE TABLE "CAR_RENTAL_PROJECT"."DANE_KONTAKTOWE_ODZIALU" 
   (	"TEL_GLOWNY" NUMBER(12,0), 
	"TEL_1" NUMBER(12,0), 
	"TEL_2" NUMBER(12,0), 
	"EMAIL_ODZIALU" VARCHAR2(18 BYTE)
   ) SEGMENT CREATION IMMEDIATE 
  PCTFREE 10 PCTUSED 40 INITRANS 1 MAXTRANS 255 
 NOCOMPRESS LOGGING
  STORAGE(INITIAL 65536 NEXT 1048576 MINEXTENTS 1 MAXEXTENTS 2147483645
  PCTINCREASE 0 FREELISTS 1 FREELIST GROUPS 1
  BUFFER_POOL DEFAULT FLASH_CACHE DEFAULT CELL_FLASH_CACHE DEFAULT)
  TABLESPACE "USERS" ;
--------------------------------------------------------
--  DDL for Table DANE_KONTATKOWE
--------------------------------------------------------

  CREATE TABLE "CAR_RENTAL_PROJECT"."DANE_KONTATKOWE" 
   (	"NUMER_TELEFONU" NUMBER(12,0), 
	"NUMER_TELEFONU_DODATKOWY" NUMBER(12,0), 
	"EMAIL" VARCHAR2(25 BYTE)
   ) SEGMENT CREATION IMMEDIATE 
  PCTFREE 10 PCTUSED 40 INITRANS 1 MAXTRANS 255 
 NOCOMPRESS LOGGING
  STORAGE(INITIAL 65536 NEXT 1048576 MINEXTENTS 1 MAXEXTENTS 2147483645
  PCTINCREASE 0 FREELISTS 1 FREELIST GROUPS 1
  BUFFER_POOL DEFAULT FLASH_CACHE DEFAULT CELL_FLASH_CACHE DEFAULT)
  TABLESPACE "USERS" ;
--------------------------------------------------------
--  DDL for Table KLIENT
--------------------------------------------------------

  CREATE TABLE "CAR_RENTAL_PROJECT"."KLIENT" 
   (	"ID_KLIENT" NUMBER(6,0), 
	"IMIE" VARCHAR2(12 BYTE), 
	"NAZWISKO" VARCHAR2(12 BYTE), 
	"NUMER_PRAWA_JAZDY" VARCHAR2(10 BYTE), 
	"NUMER_DOWODU_KLIETA" VARCHAR2(10 BYTE), 
	"NAZWA_FIRMY" VARCHAR2(12 BYTE), 
	"NIP" NUMBER(10,0), 
	"ID_ADRESU" NUMBER(5,0), 
	"NUMER_TELEFONU" NUMBER(12,0)
   ) SEGMENT CREATION IMMEDIATE 
  PCTFREE 10 PCTUSED 40 INITRANS 1 MAXTRANS 255 
 NOCOMPRESS LOGGING
  STORAGE(INITIAL 65536 NEXT 1048576 MINEXTENTS 1 MAXEXTENTS 2147483645
  PCTINCREASE 0 FREELISTS 1 FREELIST GROUPS 1
  BUFFER_POOL DEFAULT FLASH_CACHE DEFAULT CELL_FLASH_CACHE DEFAULT)
  TABLESPACE "USERS" ;
--------------------------------------------------------
--  DDL for Table LEASING
--------------------------------------------------------

  CREATE TABLE "CAR_RENTAL_PROJECT"."LEASING" 
   (	"ID_LEASING" NUMBER(4,0), 
	"NAZWA_FIRMY" VARCHAR2(10 BYTE), 
	"DATA_KUPNA" DATE, 
	"DATA_SPRZEDAZY" DATE, 
	"RATA" NUMBER(6,2)
   ) SEGMENT CREATION IMMEDIATE 
  PCTFREE 10 PCTUSED 40 INITRANS 1 MAXTRANS 255 
 NOCOMPRESS LOGGING
  STORAGE(INITIAL 65536 NEXT 1048576 MINEXTENTS 1 MAXEXTENTS 2147483645
  PCTINCREASE 0 FREELISTS 1 FREELIST GROUPS 1
  BUFFER_POOL DEFAULT FLASH_CACHE DEFAULT CELL_FLASH_CACHE DEFAULT)
  TABLESPACE "USERS" ;
--------------------------------------------------------
--  DDL for Table MARKAMODEL
--------------------------------------------------------

  CREATE TABLE "CAR_RENTAL_PROJECT"."MARKAMODEL" 
   (	"MARKA" VARCHAR2(10 BYTE), 
	"MODEL" VARCHAR2(10 BYTE), 
	"ID_MARKA_MODEL" NUMBER(2,0), 
	"ID_SEGMENT" NUMBER(2,0)
   ) SEGMENT CREATION IMMEDIATE 
  PCTFREE 10 PCTUSED 40 INITRANS 1 MAXTRANS 255 
 NOCOMPRESS LOGGING
  STORAGE(INITIAL 65536 NEXT 1048576 MINEXTENTS 1 MAXEXTENTS 2147483645
  PCTINCREASE 0 FREELISTS 1 FREELIST GROUPS 1
  BUFFER_POOL DEFAULT FLASH_CACHE DEFAULT CELL_FLASH_CACHE DEFAULT)
  TABLESPACE "USERS" ;
--------------------------------------------------------
--  DDL for Table ODDZIAL
--------------------------------------------------------

  CREATE TABLE "CAR_RENTAL_PROJECT"."ODDZIAL" 
   (	"ID_ODZIAL" NUMBER(3,0), 
	"GODZINA_OTWARCIA" NUMBER(4,0), 
	"GODZINA_ZAMKNIECIA" NUMBER(4,0), 
	"TEL_GLOWNY" NUMBER(12,0), 
	"ID_ADRESU_ODZIALU" NUMBER(3,0), 
	"CZYNSZ" NUMBER(4,0)
   ) SEGMENT CREATION IMMEDIATE 
  PCTFREE 10 PCTUSED 40 INITRANS 1 MAXTRANS 255 
 NOCOMPRESS LOGGING
  STORAGE(INITIAL 65536 NEXT 1048576 MINEXTENTS 1 MAXEXTENTS 2147483645
  PCTINCREASE 0 FREELISTS 1 FREELIST GROUPS 1
  BUFFER_POOL DEFAULT FLASH_CACHE DEFAULT CELL_FLASH_CACHE DEFAULT)
  TABLESPACE "USERS" ;
--------------------------------------------------------
--  DDL for Table PAKIETY_DODATKOWE
--------------------------------------------------------

  CREATE TABLE "CAR_RENTAL_PROJECT"."PAKIETY_DODATKOWE" 
   (	"ID_PAKIETU" NUMBER(5,0), 
	"NAZWA_PAKIETU" VARCHAR2(7 BYTE), 
	"DODATKOWY_KOSZT" VARCHAR2(4 BYTE)
   ) SEGMENT CREATION IMMEDIATE 
  PCTFREE 10 PCTUSED 40 INITRANS 1 MAXTRANS 255 
 NOCOMPRESS LOGGING
  STORAGE(INITIAL 65536 NEXT 1048576 MINEXTENTS 1 MAXEXTENTS 2147483645
  PCTINCREASE 0 FREELISTS 1 FREELIST GROUPS 1
  BUFFER_POOL DEFAULT FLASH_CACHE DEFAULT CELL_FLASH_CACHE DEFAULT)
  TABLESPACE "USERS" ;
--------------------------------------------------------
--  DDL for Table PRACOWNICY
--------------------------------------------------------

  CREATE TABLE "CAR_RENTAL_PROJECT"."PRACOWNICY" 
   (	"ID_PRACOWNIKA" NUMBER(4,0), 
	"PREMIA" NUMBER(6,2), 
	"IMIE" VARCHAR2(12 BYTE), 
	"NAZWISKO" VARCHAR2(12 BYTE), 
	"NUMER_DOWODU_PRACOWNIKA" VARCHAR2(15 BYTE), 
	"ID_ODZIAL" NUMBER(2,0), 
	"ID_STANOWISKA" NUMBER(2,0), 
	"ID_ADRESU" NUMBER(5,0), 
	"NUMER_TELEFONU" NUMBER(12,0)
   ) SEGMENT CREATION IMMEDIATE 
  PCTFREE 10 PCTUSED 40 INITRANS 1 MAXTRANS 255 
 NOCOMPRESS LOGGING
  STORAGE(INITIAL 65536 NEXT 1048576 MINEXTENTS 1 MAXEXTENTS 2147483645
  PCTINCREASE 0 FREELISTS 1 FREELIST GROUPS 1
  BUFFER_POOL DEFAULT FLASH_CACHE DEFAULT CELL_FLASH_CACHE DEFAULT)
  TABLESPACE "USERS" ;
--------------------------------------------------------
--  DDL for Table REZERWACJA
--------------------------------------------------------

  CREATE TABLE "CAR_RENTAL_PROJECT"."REZERWACJA" 
   (	"ID_REZERWACJA" NUMBER(4,0), 
	"DATA_WYDANIA" DATE, 
	"DATA_ODBIORU" DATE, 
	"LOKALIZACJA_MIEJSCA_WYDANIA" VARCHAR2(15 BYTE), 
	"LOKALIZACJA_MIEJSCA_ODBIORU" VARCHAR2(15 BYTE), 
	"ID_KLIENT" NUMBER(6,0), 
	"ID_SAMOCHOD" NUMBER(4,0), 
	"ID_PAKIETU" NUMBER(5,0), 
	"ID_PRACOWNIKA" NUMBER(4,0)
   ) SEGMENT CREATION IMMEDIATE 
  PCTFREE 10 PCTUSED 40 INITRANS 1 MAXTRANS 255 
 NOCOMPRESS LOGGING
  STORAGE(INITIAL 65536 NEXT 1048576 MINEXTENTS 1 MAXEXTENTS 2147483645
  PCTINCREASE 0 FREELISTS 1 FREELIST GROUPS 1
  BUFFER_POOL DEFAULT FLASH_CACHE DEFAULT CELL_FLASH_CACHE DEFAULT)
  TABLESPACE "USERS" ;
--------------------------------------------------------
--  DDL for Table SAMOCHOD
--------------------------------------------------------

  CREATE TABLE "CAR_RENTAL_PROJECT"."SAMOCHOD" 
   (	"ID_SAMOCHOD" NUMBER(4,0), 
	"LOKALIZACJA" VARCHAR2(15 BYTE), 
	"NR_REJESTRACYJNY" VARCHAR2(10 BYTE), 
	"ID_LEASING" NUMBER(4,0), 
	"ID_ODZIAL" NUMBER(3,0), 
	"ID_MARKA_MODEL" NUMBER(2,0)
   ) SEGMENT CREATION IMMEDIATE 
  PCTFREE 10 PCTUSED 40 INITRANS 1 MAXTRANS 255 
 NOCOMPRESS LOGGING
  STORAGE(INITIAL 65536 NEXT 1048576 MINEXTENTS 1 MAXEXTENTS 2147483645
  PCTINCREASE 0 FREELISTS 1 FREELIST GROUPS 1
  BUFFER_POOL DEFAULT FLASH_CACHE DEFAULT CELL_FLASH_CACHE DEFAULT)
  TABLESPACE "USERS" ;
--------------------------------------------------------
--  DDL for Table SAMOCHOD_SEGMENT
--------------------------------------------------------

  CREATE TABLE "CAR_RENTAL_PROJECT"."SAMOCHOD_SEGMENT" 
   (	"ID_SEGMENT" NUMBER(2,0), 
	"CENA" NUMBER(6,2), 
	"NAZWA_SEGMENT" VARCHAR2(10 BYTE), 
	"PRZECENA_SEGMENTU" NUMBER
   ) SEGMENT CREATION IMMEDIATE 
  PCTFREE 10 PCTUSED 40 INITRANS 1 MAXTRANS 255 
 NOCOMPRESS LOGGING
  STORAGE(INITIAL 65536 NEXT 1048576 MINEXTENTS 1 MAXEXTENTS 2147483645
  PCTINCREASE 0 FREELISTS 1 FREELIST GROUPS 1
  BUFFER_POOL DEFAULT FLASH_CACHE DEFAULT CELL_FLASH_CACHE DEFAULT)
  TABLESPACE "USERS" ;
--------------------------------------------------------
--  DDL for Table STANOWISKO
--------------------------------------------------------

  CREATE TABLE "CAR_RENTAL_PROJECT"."STANOWISKO" 
   (	"ID_STANOWISKA" NUMBER(2,0), 
	"NAZWA_STANOWISKA" VARCHAR2(12 BYTE), 
	"PODSTAWA_WYNAGRODZENIA" NUMBER(7,2)
   ) SEGMENT CREATION IMMEDIATE 
  PCTFREE 10 PCTUSED 40 INITRANS 1 MAXTRANS 255 
 NOCOMPRESS LOGGING
  STORAGE(INITIAL 65536 NEXT 1048576 MINEXTENTS 1 MAXEXTENTS 2147483645
  PCTINCREASE 0 FREELISTS 1 FREELIST GROUPS 1
  BUFFER_POOL DEFAULT FLASH_CACHE DEFAULT CELL_FLASH_CACHE DEFAULT)
  TABLESPACE "USERS" ;
REM INSERTING into CAR_RENTAL_PROJECT.ADRES
SET DEFINE OFF;
Insert into CAR_RENTAL_PROJECT.ADRES (ID_ADRESU,PANSTWO,MIASTO,KOD,NUMER,ULICA) values (1,'Polska','Wroclaw','44-100','54','Zelwerowicza');
Insert into CAR_RENTAL_PROJECT.ADRES (ID_ADRESU,PANSTWO,MIASTO,KOD,NUMER,ULICA) values (6,'Polska','Krakow','30-043','55/a','Warszawska');
Insert into CAR_RENTAL_PROJECT.ADRES (ID_ADRESU,PANSTWO,MIASTO,KOD,NUMER,ULICA) values (7,'Polska','Jaworzno','43-600','9','Sloneczna');
Insert into CAR_RENTAL_PROJECT.ADRES (ID_ADRESU,PANSTWO,MIASTO,KOD,NUMER,ULICA) values (8,'Polska','Olsztyn','10-900','1000','Bazodanowa');
Insert into CAR_RENTAL_PROJECT.ADRES (ID_ADRESU,PANSTWO,MIASTO,KOD,NUMER,ULICA) values (9,'Polska','Radom','26-627','8','Ratrakowa');
Insert into CAR_RENTAL_PROJECT.ADRES (ID_ADRESU,PANSTWO,MIASTO,KOD,NUMER,ULICA) values (10,'Zimbabwe','Harare','22-22','99','Vincet_Ave');
Insert into CAR_RENTAL_PROJECT.ADRES (ID_ADRESU,PANSTWO,MIASTO,KOD,NUMER,ULICA) values (11,'Polska','Bialy_Stok','15-633','42','Kowarska');
Insert into CAR_RENTAL_PROJECT.ADRES (ID_ADRESU,PANSTWO,MIASTO,KOD,NUMER,ULICA) values (12,'Polska','Krakow','30-042','23','Nowa');
Insert into CAR_RENTAL_PROJECT.ADRES (ID_ADRESU,PANSTWO,MIASTO,KOD,NUMER,ULICA) values (13,'Polska','Wroclaw','44-100','73/b','Preclowa');
Insert into CAR_RENTAL_PROJECT.ADRES (ID_ADRESU,PANSTWO,MIASTO,KOD,NUMER,ULICA) values (14,'Polska','Gdansk','99-111','82','Dorszowa');
Insert into CAR_RENTAL_PROJECT.ADRES (ID_ADRESU,PANSTWO,MIASTO,KOD,NUMER,ULICA) values (15,'Polska','Lodz','44-212','561','Kolejowa');
Insert into CAR_RENTAL_PROJECT.ADRES (ID_ADRESU,PANSTWO,MIASTO,KOD,NUMER,ULICA) values (16,'Polska','Lodz','44-212','51','Tramwajowa');
Insert into CAR_RENTAL_PROJECT.ADRES (ID_ADRESU,PANSTWO,MIASTO,KOD,NUMER,ULICA) values (17,'Polska','Lodz','44-231','66','Autobusowa');
Insert into CAR_RENTAL_PROJECT.ADRES (ID_ADRESU,PANSTWO,MIASTO,KOD,NUMER,ULICA) values (18,'Polska','Warszawa','11-111','777','Bankowa');
Insert into CAR_RENTAL_PROJECT.ADRES (ID_ADRESU,PANSTWO,MIASTO,KOD,NUMER,ULICA) values (19,'Polska','Warszawa','11-112','77','Rozwojowa');
Insert into CAR_RENTAL_PROJECT.ADRES (ID_ADRESU,PANSTWO,MIASTO,KOD,NUMER,ULICA) values (20,'Polska','Warszawa','11-111','7','Radziecka');
Insert into CAR_RENTAL_PROJECT.ADRES (ID_ADRESU,PANSTWO,MIASTO,KOD,NUMER,ULICA) values (21,'Polska','Rzeszow','44-112','88','Ukrainska');
Insert into CAR_RENTAL_PROJECT.ADRES (ID_ADRESU,PANSTWO,MIASTO,KOD,NUMER,ULICA) values (22,'Polska','Rzeszow','44-112','235','Wislana');
Insert into CAR_RENTAL_PROJECT.ADRES (ID_ADRESU,PANSTWO,MIASTO,KOD,NUMER,ULICA) values (23,'Polska','Rzeszow','51-123','5','Bieszczadzka');
Insert into CAR_RENTAL_PROJECT.ADRES (ID_ADRESU,PANSTWO,MIASTO,KOD,NUMER,ULICA) values (24,'Polska','Gdansk','99-111','4','Promowa');
Insert into CAR_RENTAL_PROJECT.ADRES (ID_ADRESU,PANSTWO,MIASTO,KOD,NUMER,ULICA) values (25,'Polska','Gdansk','99-112','53','Rybna');
Insert into CAR_RENTAL_PROJECT.ADRES (ID_ADRESU,PANSTWO,MIASTO,KOD,NUMER,ULICA) values (41,'Polska','Wroclaw','44-100','51','Motornicza');
REM INSERTING into CAR_RENTAL_PROJECT.ADRES_ODZIALU
SET DEFINE OFF;
Insert into CAR_RENTAL_PROJECT.ADRES_ODZIALU (ID_ADRESU_ODZIALU,PANSTWO_ODZIALU,KOD_ODZIALU,MIASTO_ODZIALU,NUMER_ODZIALU,ULICA_ODZIALU) values (1,'Polska','44-199','Warszawa','5','Luksusowa');
Insert into CAR_RENTAL_PROJECT.ADRES_ODZIALU (ID_ADRESU_ODZIALU,PANSTWO_ODZIALU,KOD_ODZIALU,MIASTO_ODZIALU,NUMER_ODZIALU,ULICA_ODZIALU) values (2,'Polska','34-122','Krakow','78','Precelna');
Insert into CAR_RENTAL_PROJECT.ADRES_ODZIALU (ID_ADRESU_ODZIALU,PANSTWO_ODZIALU,KOD_ODZIALU,MIASTO_ODZIALU,NUMER_ODZIALU,ULICA_ODZIALU) values (3,'Polska','24-231','Lodz','3','Sportowa');
Insert into CAR_RENTAL_PROJECT.ADRES_ODZIALU (ID_ADRESU_ODZIALU,PANSTWO_ODZIALU,KOD_ODZIALU,MIASTO_ODZIALU,NUMER_ODZIALU,ULICA_ODZIALU) values (4,'Polska','51-111','Gdansk','9','Portowa');
Insert into CAR_RENTAL_PROJECT.ADRES_ODZIALU (ID_ADRESU_ODZIALU,PANSTWO_ODZIALU,KOD_ODZIALU,MIASTO_ODZIALU,NUMER_ODZIALU,ULICA_ODZIALU) values (5,'Polska','21-115','Rzeszow','6','Gorska');
Insert into CAR_RENTAL_PROJECT.ADRES_ODZIALU (ID_ADRESU_ODZIALU,PANSTWO_ODZIALU,KOD_ODZIALU,MIASTO_ODZIALU,NUMER_ODZIALU,ULICA_ODZIALU) values (6,'Polska','21-037','Wroclaw','66','Tamwajna');
REM INSERTING into CAR_RENTAL_PROJECT.DANE_KONTAKTOWE_ODZIALU
SET DEFINE OFF;
Insert into CAR_RENTAL_PROJECT.DANE_KONTAKTOWE_ODZIALU (TEL_GLOWNY,TEL_1,TEL_2,EMAIL_ODZIALU) values (777000111,777001111,777002111,'wwa@rental.pl');
Insert into CAR_RENTAL_PROJECT.DANE_KONTAKTOWE_ODZIALU (TEL_GLOWNY,TEL_1,TEL_2,EMAIL_ODZIALU) values (777110111,777111111,777112111,'gda@rental.pl');
Insert into CAR_RENTAL_PROJECT.DANE_KONTAKTOWE_ODZIALU (TEL_GLOWNY,TEL_1,TEL_2,EMAIL_ODZIALU) values (777220111,777221111,777222111,'lod@rental.pl');
Insert into CAR_RENTAL_PROJECT.DANE_KONTAKTOWE_ODZIALU (TEL_GLOWNY,TEL_1,TEL_2,EMAIL_ODZIALU) values (777330111,777331111,777332111,'wro@rental.pl');
Insert into CAR_RENTAL_PROJECT.DANE_KONTAKTOWE_ODZIALU (TEL_GLOWNY,TEL_1,TEL_2,EMAIL_ODZIALU) values (777440999,777441999,777442999,'krk@rental.pl');
Insert into CAR_RENTAL_PROJECT.DANE_KONTAKTOWE_ODZIALU (TEL_GLOWNY,TEL_1,TEL_2,EMAIL_ODZIALU) values (777110999,777111999,777112999,'rze@rental.pl');
REM INSERTING into CAR_RENTAL_PROJECT.DANE_KONTATKOWE
SET DEFINE OFF;
Insert into CAR_RENTAL_PROJECT.DANE_KONTATKOWE (NUMER_TELEFONU,NUMER_TELEFONU_DODATKOWY,EMAIL) values (784329460,null,'o9@yopmail.com');
Insert into CAR_RENTAL_PROJECT.DANE_KONTATKOWE (NUMER_TELEFONU,NUMER_TELEFONU_DODATKOWY,EMAIL) values (604629352,539350074,null);
Insert into CAR_RENTAL_PROJECT.DANE_KONTATKOWE (NUMER_TELEFONU,NUMER_TELEFONU_DODATKOWY,EMAIL) values (607780662,null,null);
Insert into CAR_RENTAL_PROJECT.DANE_KONTATKOWE (NUMER_TELEFONU,NUMER_TELEFONU_DODATKOWY,EMAIL) values (515588735,664172698,null);
Insert into CAR_RENTAL_PROJECT.DANE_KONTATKOWE (NUMER_TELEFONU,NUMER_TELEFONU_DODATKOWY,EMAIL) values (722752056,null,'TeceLr@teleworm.us');
Insert into CAR_RENTAL_PROJECT.DANE_KONTATKOWE (NUMER_TELEFONU,NUMER_TELEFONU_DODATKOWY,EMAIL) values (727494020,null,null);
Insert into CAR_RENTAL_PROJECT.DANE_KONTATKOWE (NUMER_TELEFONU,NUMER_TELEFONU_DODATKOWY,EMAIL) values (671508216,null,'JasonMJs@dayrep.com
');
Insert into CAR_RENTAL_PROJECT.DANE_KONTATKOWE (NUMER_TELEFONU,NUMER_TELEFONU_DODATKOWY,EMAIL) values (794615881,889920415,null);
Insert into CAR_RENTAL_PROJECT.DANE_KONTATKOWE (NUMER_TELEFONU,NUMER_TELEFONU_DODATKOWY,EMAIL) values (795454991,null,'Ewell@jourrapide.com');
Insert into CAR_RENTAL_PROJECT.DANE_KONTATKOWE (NUMER_TELEFONU,NUMER_TELEFONU_DODATKOWY,EMAIL) values (671925663,799259822,'PDson@armyspy.com');
Insert into CAR_RENTAL_PROJECT.DANE_KONTATKOWE (NUMER_TELEFONU,NUMER_TELEFONU_DODATKOWY,EMAIL) values (666091273,727992563,'
RobertB@rhyta.com');
Insert into CAR_RENTAL_PROJECT.DANE_KONTATKOWE (NUMER_TELEFONU,NUMER_TELEFONU_DODATKOWY,EMAIL) values (781214208,785341216,'Doan@teleworm.us');
Insert into CAR_RENTAL_PROJECT.DANE_KONTATKOWE (NUMER_TELEFONU,NUMER_TELEFONU_DODATKOWY,EMAIL) values (675877339,null,null);
Insert into CAR_RENTAL_PROJECT.DANE_KONTATKOWE (NUMER_TELEFONU,NUMER_TELEFONU_DODATKOWY,EMAIL) values (604546003,794239479,'Sloelleck@dayrep.com');
Insert into CAR_RENTAL_PROJECT.DANE_KONTATKOWE (NUMER_TELEFONU,NUMER_TELEFONU_DODATKOWY,EMAIL) values (538840785,null,null);
Insert into CAR_RENTAL_PROJECT.DANE_KONTATKOWE (NUMER_TELEFONU,NUMER_TELEFONU_DODATKOWY,EMAIL) values (512579110,695965263,null);
Insert into CAR_RENTAL_PROJECT.DANE_KONTATKOWE (NUMER_TELEFONU,NUMER_TELEFONU_DODATKOWY,EMAIL) values (536551495,null,null);
Insert into CAR_RENTAL_PROJECT.DANE_KONTATKOWE (NUMER_TELEFONU,NUMER_TELEFONU_DODATKOWY,EMAIL) values (533217387,661564357,null);
Insert into CAR_RENTAL_PROJECT.DANE_KONTATKOWE (NUMER_TELEFONU,NUMER_TELEFONU_DODATKOWY,EMAIL) values (729354170,null,'ScSm@teleworm.us');
Insert into CAR_RENTAL_PROJECT.DANE_KONTATKOWE (NUMER_TELEFONU,NUMER_TELEFONU_DODATKOWY,EMAIL) values (515601048,null,'Royan@armyspy.com');
Insert into CAR_RENTAL_PROJECT.DANE_KONTATKOWE (NUMER_TELEFONU,NUMER_TELEFONU_DODATKOWY,EMAIL) values (698804171,695009534,'ardchez@teleworm.us');
Insert into CAR_RENTAL_PROJECT.DANE_KONTATKOWE (NUMER_TELEFONU,NUMER_TELEFONU_DODATKOWY,EMAIL) values (789654123,null,null);
Insert into CAR_RENTAL_PROJECT.DANE_KONTATKOWE (NUMER_TELEFONU,NUMER_TELEFONU_DODATKOWY,EMAIL) values (564987123,null,null);
Insert into CAR_RENTAL_PROJECT.DANE_KONTATKOWE (NUMER_TELEFONU,NUMER_TELEFONU_DODATKOWY,EMAIL) values (879456456,null,null);
REM INSERTING into CAR_RENTAL_PROJECT.KLIENT
SET DEFINE OFF;
Insert into CAR_RENTAL_PROJECT.KLIENT (ID_KLIENT,IMIE,NAZWISKO,NUMER_PRAWA_JAZDY,NUMER_DOWODU_KLIETA,NAZWA_FIRMY,NIP,ID_ADRESU,NUMER_TELEFONU) values (16,'Adam','Kowalski','111','xx111',null,null,1,784329460);
Insert into CAR_RENTAL_PROJECT.KLIENT (ID_KLIENT,IMIE,NAZWISKO,NUMER_PRAWA_JAZDY,NUMER_DOWODU_KLIETA,NAZWA_FIRMY,NIP,ID_ADRESU,NUMER_TELEFONU) values (20,'Pawel','Rado','233','xd111',null,null,6,604629352);
Insert into CAR_RENTAL_PROJECT.KLIENT (ID_KLIENT,IMIE,NAZWISKO,NUMER_PRAWA_JAZDY,NUMER_DOWODU_KLIETA,NAZWA_FIRMY,NIP,ID_ADRESU,NUMER_TELEFONU) values (21,'Ola','Kot','912','fa789','Januszex',888774,7,607780662);
Insert into CAR_RENTAL_PROJECT.KLIENT (ID_KLIENT,IMIE,NAZWISKO,NUMER_PRAWA_JAZDY,NUMER_DOWODU_KLIETA,NAZWA_FIRMY,NIP,ID_ADRESU,NUMER_TELEFONU) values (22,'Genowefa','Kowalska','564','ul941','Applex',99967,8,515588735);
Insert into CAR_RENTAL_PROJECT.KLIENT (ID_KLIENT,IMIE,NAZWISKO,NUMER_PRAWA_JAZDY,NUMER_DOWODU_KLIETA,NAZWA_FIRMY,NIP,ID_ADRESU,NUMER_TELEFONU) values (23,'Adrianna','Lato','451','ga210',null,null,9,722752056);
Insert into CAR_RENTAL_PROJECT.KLIENT (ID_KLIENT,IMIE,NAZWISKO,NUMER_PRAWA_JAZDY,NUMER_DOWODU_KLIETA,NAZWA_FIRMY,NIP,ID_ADRESU,NUMER_TELEFONU) values (24,'Jozef','Maro','133','aa222',null,null,10,727494020);
Insert into CAR_RENTAL_PROJECT.KLIENT (ID_KLIENT,IMIE,NAZWISKO,NUMER_PRAWA_JAZDY,NUMER_DOWODU_KLIETA,NAZWA_FIRMY,NIP,ID_ADRESU,NUMER_TELEFONU) values (25,'Mateusz','Wajcha','515','yt222','Erdol',223444,11,671508216);
Insert into CAR_RENTAL_PROJECT.KLIENT (ID_KLIENT,IMIE,NAZWISKO,NUMER_PRAWA_JAZDY,NUMER_DOWODU_KLIETA,NAZWA_FIRMY,NIP,ID_ADRESU,NUMER_TELEFONU) values (26,'Tomasz','Kowalski','777','aa666','Umajstra',444411,12,794615881);
Insert into CAR_RENTAL_PROJECT.KLIENT (ID_KLIENT,IMIE,NAZWISKO,NUMER_PRAWA_JAZDY,NUMER_DOWODU_KLIETA,NAZWA_FIRMY,NIP,ID_ADRESU,NUMER_TELEFONU) values (27,'Jessica','Kovalsky','555','zzz111',null,null,12,795454991);
Insert into CAR_RENTAL_PROJECT.KLIENT (ID_KLIENT,IMIE,NAZWISKO,NUMER_PRAWA_JAZDY,NUMER_DOWODU_KLIETA,NAZWA_FIRMY,NIP,ID_ADRESU,NUMER_TELEFONU) values (30,'Big','Smoke','114','ww223',null,null,41,671925663);
Insert into CAR_RENTAL_PROJECT.KLIENT (ID_KLIENT,IMIE,NAZWISKO,NUMER_PRAWA_JAZDY,NUMER_DOWODU_KLIETA,NAZWA_FIRMY,NIP,ID_ADRESU,NUMER_TELEFONU) values (31,'Romuald','Graba','555','zz222',null,null,13,666091273);
REM INSERTING into CAR_RENTAL_PROJECT.LEASING
SET DEFINE OFF;
Insert into CAR_RENTAL_PROJECT.LEASING (ID_LEASING,NAZWA_FIRMY,DATA_KUPNA,DATA_SPRZEDAZY,RATA) values (1,'WWLEASE',to_date('01-NOV-19','DD-MON-RR'),to_date('01-JAN-21','DD-MON-RR'),700);
Insert into CAR_RENTAL_PROJECT.LEASING (ID_LEASING,NAZWA_FIRMY,DATA_KUPNA,DATA_SPRZEDAZY,RATA) values (2,'WWLEASE',to_date('04-JAN-18','DD-MON-RR'),to_date('23-JUL-20','DD-MON-RR'),1200);
Insert into CAR_RENTAL_PROJECT.LEASING (ID_LEASING,NAZWA_FIRMY,DATA_KUPNA,DATA_SPRZEDAZY,RATA) values (3,'RRLEASE',to_date('01-JAN-20','DD-MON-RR'),to_date('07-JAN-22','DD-MON-RR'),650);
Insert into CAR_RENTAL_PROJECT.LEASING (ID_LEASING,NAZWA_FIRMY,DATA_KUPNA,DATA_SPRZEDAZY,RATA) values (4,'RRLEASE',to_date('11-JAN-19','DD-MON-RR'),to_date('19-AUG-21','DD-MON-RR'),1500);
Insert into CAR_RENTAL_PROJECT.LEASING (ID_LEASING,NAZWA_FIRMY,DATA_KUPNA,DATA_SPRZEDAZY,RATA) values (5,'ROLEASE',to_date('04-JAN-19','DD-MON-RR'),to_date('24-JAN-20','DD-MON-RR'),1100);
Insert into CAR_RENTAL_PROJECT.LEASING (ID_LEASING,NAZWA_FIRMY,DATA_KUPNA,DATA_SPRZEDAZY,RATA) values (6,'RRLEASE',to_date('17-AUG-18','DD-MON-RR'),to_date('13-AUG-20','DD-MON-RR'),1420);
Insert into CAR_RENTAL_PROJECT.LEASING (ID_LEASING,NAZWA_FIRMY,DATA_KUPNA,DATA_SPRZEDAZY,RATA) values (7,'LUXLEASE',to_date('03-JAN-20','DD-MON-RR'),to_date('06-JAN-22','DD-MON-RR'),2500);
Insert into CAR_RENTAL_PROJECT.LEASING (ID_LEASING,NAZWA_FIRMY,DATA_KUPNA,DATA_SPRZEDAZY,RATA) values (8,'RRLEASE',to_date('04-JAN-19','DD-MON-RR'),to_date('02-JAN-21','DD-MON-RR'),2700);
REM INSERTING into CAR_RENTAL_PROJECT.MARKAMODEL
SET DEFINE OFF;
Insert into CAR_RENTAL_PROJECT.MARKAMODEL (MARKA,MODEL,ID_MARKA_MODEL,ID_SEGMENT) values ('TOYOTA','AYGO',1,1);
Insert into CAR_RENTAL_PROJECT.MARKAMODEL (MARKA,MODEL,ID_MARKA_MODEL,ID_SEGMENT) values ('OPEL','ADAM',2,1);
Insert into CAR_RENTAL_PROJECT.MARKAMODEL (MARKA,MODEL,ID_MARKA_MODEL,ID_SEGMENT) values ('TOYOTA','COROLLA',3,2);
Insert into CAR_RENTAL_PROJECT.MARKAMODEL (MARKA,MODEL,ID_MARKA_MODEL,ID_SEGMENT) values ('OPEL','ASTRA',20,2);
Insert into CAR_RENTAL_PROJECT.MARKAMODEL (MARKA,MODEL,ID_MARKA_MODEL,ID_SEGMENT) values ('HYUNDAI','I30',21,2);
Insert into CAR_RENTAL_PROJECT.MARKAMODEL (MARKA,MODEL,ID_MARKA_MODEL,ID_SEGMENT) values ('TOYOTA','CAMRY',22,3);
Insert into CAR_RENTAL_PROJECT.MARKAMODEL (MARKA,MODEL,ID_MARKA_MODEL,ID_SEGMENT) values ('OPEL','INSIGNIA',23,3);
Insert into CAR_RENTAL_PROJECT.MARKAMODEL (MARKA,MODEL,ID_MARKA_MODEL,ID_SEGMENT) values ('BMW','330e',24,3);
Insert into CAR_RENTAL_PROJECT.MARKAMODEL (MARKA,MODEL,ID_MARKA_MODEL,ID_SEGMENT) values ('BMW','530d',25,4);
Insert into CAR_RENTAL_PROJECT.MARKAMODEL (MARKA,MODEL,ID_MARKA_MODEL,ID_SEGMENT) values ('LEXUS','GS',26,4);
Insert into CAR_RENTAL_PROJECT.MARKAMODEL (MARKA,MODEL,ID_MARKA_MODEL,ID_SEGMENT) values ('LEXUS','RX300h',27,4);
Insert into CAR_RENTAL_PROJECT.MARKAMODEL (MARKA,MODEL,ID_MARKA_MODEL,ID_SEGMENT) values ('TOYOTA','PROACE',28,5);
REM INSERTING into CAR_RENTAL_PROJECT.ODDZIAL
SET DEFINE OFF;
Insert into CAR_RENTAL_PROJECT.ODDZIAL (ID_ODZIAL,GODZINA_OTWARCIA,GODZINA_ZAMKNIECIA,TEL_GLOWNY,ID_ADRESU_ODZIALU,CZYNSZ) values (1,700,2000,777000111,1,9999);
Insert into CAR_RENTAL_PROJECT.ODDZIAL (ID_ODZIAL,GODZINA_OTWARCIA,GODZINA_ZAMKNIECIA,TEL_GLOWNY,ID_ADRESU_ODZIALU,CZYNSZ) values (2,800,2100,777440999,2,7800);
Insert into CAR_RENTAL_PROJECT.ODDZIAL (ID_ODZIAL,GODZINA_OTWARCIA,GODZINA_ZAMKNIECIA,TEL_GLOWNY,ID_ADRESU_ODZIALU,CZYNSZ) values (3,700,1900,777220111,3,6000);
Insert into CAR_RENTAL_PROJECT.ODDZIAL (ID_ODZIAL,GODZINA_OTWARCIA,GODZINA_ZAMKNIECIA,TEL_GLOWNY,ID_ADRESU_ODZIALU,CZYNSZ) values (4,700,2000,777110111,4,6900);
Insert into CAR_RENTAL_PROJECT.ODDZIAL (ID_ODZIAL,GODZINA_OTWARCIA,GODZINA_ZAMKNIECIA,TEL_GLOWNY,ID_ADRESU_ODZIALU,CZYNSZ) values (7,600,2200,777330111,6,8000);
Insert into CAR_RENTAL_PROJECT.ODDZIAL (ID_ODZIAL,GODZINA_OTWARCIA,GODZINA_ZAMKNIECIA,TEL_GLOWNY,ID_ADRESU_ODZIALU,CZYNSZ) values (5,700,2000,777110999,5,4100);
REM INSERTING into CAR_RENTAL_PROJECT.PAKIETY_DODATKOWE
SET DEFINE OFF;
Insert into CAR_RENTAL_PROJECT.PAKIETY_DODATKOWE (ID_PAKIETU,NAZWA_PAKIETU,DODATKOWY_KOSZT) values (3,'BASIC','0');
Insert into CAR_RENTAL_PROJECT.PAKIETY_DODATKOWE (ID_PAKIETU,NAZWA_PAKIETU,DODATKOWY_KOSZT) values (4,'CARE','30');
Insert into CAR_RENTAL_PROJECT.PAKIETY_DODATKOWE (ID_PAKIETU,NAZWA_PAKIETU,DODATKOWY_KOSZT) values (5,'FCARE','50');
REM INSERTING into CAR_RENTAL_PROJECT.PRACOWNICY
SET DEFINE OFF;
Insert into CAR_RENTAL_PROJECT.PRACOWNICY (ID_PRACOWNIKA,PREMIA,IMIE,NAZWISKO,NUMER_DOWODU_PRACOWNIKA,ID_ODZIAL,ID_STANOWISKA,ID_ADRESU,NUMER_TELEFONU) values (2,3000,'Jack','Kylczuk','aa000',1,2,18,698804171);
Insert into CAR_RENTAL_PROJECT.PRACOWNICY (ID_PRACOWNIKA,PREMIA,IMIE,NAZWISKO,NUMER_DOWODU_PRACOWNIKA,ID_ODZIAL,ID_STANOWISKA,ID_ADRESU,NUMER_TELEFONU) values (3,500,'Robert','Kowalski','zz000',1,3,19,515601048);
Insert into CAR_RENTAL_PROJECT.PRACOWNICY (ID_PRACOWNIKA,PREMIA,IMIE,NAZWISKO,NUMER_DOWODU_PRACOWNIKA,ID_ODZIAL,ID_STANOWISKA,ID_ADRESU,NUMER_TELEFONU) values (8,300,'Julia','Nowak','dd111',1,4,20,729354170);
Insert into CAR_RENTAL_PROJECT.PRACOWNICY (ID_PRACOWNIKA,PREMIA,IMIE,NAZWISKO,NUMER_DOWODU_PRACOWNIKA,ID_ODZIAL,ID_STANOWISKA,ID_ADRESU,NUMER_TELEFONU) values (9,0,'Andrzej','Wajcha','zz999',1,5,11,533217387);
Insert into CAR_RENTAL_PROJECT.PRACOWNICY (ID_PRACOWNIKA,PREMIA,IMIE,NAZWISKO,NUMER_DOWODU_PRACOWNIKA,ID_ODZIAL,ID_STANOWISKA,ID_ADRESU,NUMER_TELEFONU) values (11,700,'Pawel','Rado','xd111',2,3,6,604629352);
Insert into CAR_RENTAL_PROJECT.PRACOWNICY (ID_PRACOWNIKA,PREMIA,IMIE,NAZWISKO,NUMER_DOWODU_PRACOWNIKA,ID_ODZIAL,ID_STANOWISKA,ID_ADRESU,NUMER_TELEFONU) values (12,100,'Jan','Janowski','ff333',2,4,8,536551495);
Insert into CAR_RENTAL_PROJECT.PRACOWNICY (ID_PRACOWNIKA,PREMIA,IMIE,NAZWISKO,NUMER_DOWODU_PRACOWNIKA,ID_ODZIAL,ID_STANOWISKA,ID_ADRESU,NUMER_TELEFONU) values (13,800,'Jola','Dep','uy142',3,3,15,512579110);
Insert into CAR_RENTAL_PROJECT.PRACOWNICY (ID_PRACOWNIKA,PREMIA,IMIE,NAZWISKO,NUMER_DOWODU_PRACOWNIKA,ID_ODZIAL,ID_STANOWISKA,ID_ADRESU,NUMER_TELEFONU) values (14,200,'Rudolf','Keks','hg412',3,4,16,538840785);
Insert into CAR_RENTAL_PROJECT.PRACOWNICY (ID_PRACOWNIKA,PREMIA,IMIE,NAZWISKO,NUMER_DOWODU_PRACOWNIKA,ID_ODZIAL,ID_STANOWISKA,ID_ADRESU,NUMER_TELEFONU) values (15,100,'Pawel','Arnold','oi112',3,5,17,604546003);
Insert into CAR_RENTAL_PROJECT.PRACOWNICY (ID_PRACOWNIKA,PREMIA,IMIE,NAZWISKO,NUMER_DOWODU_PRACOWNIKA,ID_ODZIAL,ID_STANOWISKA,ID_ADRESU,NUMER_TELEFONU) values (18,800,'Bartek','Wyga','ap102',4,3,24,675877339);
Insert into CAR_RENTAL_PROJECT.PRACOWNICY (ID_PRACOWNIKA,PREMIA,IMIE,NAZWISKO,NUMER_DOWODU_PRACOWNIKA,ID_ODZIAL,ID_STANOWISKA,ID_ADRESU,NUMER_TELEFONU) values (19,200,'Adam','Ryga','ya152',4,4,25,781214208);
Insert into CAR_RENTAL_PROJECT.PRACOWNICY (ID_PRACOWNIKA,PREMIA,IMIE,NAZWISKO,NUMER_DOWODU_PRACOWNIKA,ID_ODZIAL,ID_STANOWISKA,ID_ADRESU,NUMER_TELEFONU) values (20,1000,'Emil','Mgla','us888',5,3,21,789654123);
Insert into CAR_RENTAL_PROJECT.PRACOWNICY (ID_PRACOWNIKA,PREMIA,IMIE,NAZWISKO,NUMER_DOWODU_PRACOWNIKA,ID_ODZIAL,ID_STANOWISKA,ID_ADRESU,NUMER_TELEFONU) values (21,800,'Mieczyslaw','Fog','pl555',5,4,22,564987123);
Insert into CAR_RENTAL_PROJECT.PRACOWNICY (ID_PRACOWNIKA,PREMIA,IMIE,NAZWISKO,NUMER_DOWODU_PRACOWNIKA,ID_ODZIAL,ID_STANOWISKA,ID_ADRESU,NUMER_TELEFONU) values (22,1200,'Wlodzimierz','Bodo','lp224',7,3,23,879456456);
REM INSERTING into CAR_RENTAL_PROJECT.REZERWACJA
SET DEFINE OFF;
Insert into CAR_RENTAL_PROJECT.REZERWACJA (ID_REZERWACJA,DATA_WYDANIA,DATA_ODBIORU,LOKALIZACJA_MIEJSCA_WYDANIA,LOKALIZACJA_MIEJSCA_ODBIORU,ID_KLIENT,ID_SAMOCHOD,ID_PAKIETU,ID_PRACOWNIKA) values (2,to_date('01-JAN-20','DD-MON-RR'),to_date('04-JAN-20','DD-MON-RR'),'54.3478:18.6515','54.3478:18.6515',16,14,3,19);
Insert into CAR_RENTAL_PROJECT.REZERWACJA (ID_REZERWACJA,DATA_WYDANIA,DATA_ODBIORU,LOKALIZACJA_MIEJSCA_WYDANIA,LOKALIZACJA_MIEJSCA_ODBIORU,ID_KLIENT,ID_SAMOCHOD,ID_PAKIETU,ID_PRACOWNIKA) values (3,to_date('12-JAN-20','DD-MON-RR'),to_date('31-JAN-20','DD-MON-RR'),'52.2297:21.0117','52.2297:22.0117',30,3,5,8);
Insert into CAR_RENTAL_PROJECT.REZERWACJA (ID_REZERWACJA,DATA_WYDANIA,DATA_ODBIORU,LOKALIZACJA_MIEJSCA_WYDANIA,LOKALIZACJA_MIEJSCA_ODBIORU,ID_KLIENT,ID_SAMOCHOD,ID_PAKIETU,ID_PRACOWNIKA) values (4,to_date('16-JAN-19','DD-MON-RR'),to_date('18-JAN-19','DD-MON-RR'),'52.3297:21.0117','52.2297:21.1417',31,4,4,8);
Insert into CAR_RENTAL_PROJECT.REZERWACJA (ID_REZERWACJA,DATA_WYDANIA,DATA_ODBIORU,LOKALIZACJA_MIEJSCA_WYDANIA,LOKALIZACJA_MIEJSCA_ODBIORU,ID_KLIENT,ID_SAMOCHOD,ID_PAKIETU,ID_PRACOWNIKA) values (5,to_date('01-MAR-20','DD-MON-RR'),to_date('02-MAR-20','DD-MON-RR'),'50.0415:20.0141','50.0415:20.0141',21,11,3,12);
Insert into CAR_RENTAL_PROJECT.REZERWACJA (ID_REZERWACJA,DATA_WYDANIA,DATA_ODBIORU,LOKALIZACJA_MIEJSCA_WYDANIA,LOKALIZACJA_MIEJSCA_ODBIORU,ID_KLIENT,ID_SAMOCHOD,ID_PAKIETU,ID_PRACOWNIKA) values (6,to_date('19-JAN-20','DD-MON-RR'),to_date('23-JAN-20','DD-MON-RR'),'51.7465:19.4902','51.7465:19.4902',22,6,4,14);
Insert into CAR_RENTAL_PROJECT.REZERWACJA (ID_REZERWACJA,DATA_WYDANIA,DATA_ODBIORU,LOKALIZACJA_MIEJSCA_WYDANIA,LOKALIZACJA_MIEJSCA_ODBIORU,ID_KLIENT,ID_SAMOCHOD,ID_PAKIETU,ID_PRACOWNIKA) values (7,to_date('26-JAN-20','DD-MON-RR'),to_date('02-FEB-20','DD-MON-RR'),'49.0130:22.8621','49.0130:22.8621',20,12,3,21);
Insert into CAR_RENTAL_PROJECT.REZERWACJA (ID_REZERWACJA,DATA_WYDANIA,DATA_ODBIORU,LOKALIZACJA_MIEJSCA_WYDANIA,LOKALIZACJA_MIEJSCA_ODBIORU,ID_KLIENT,ID_SAMOCHOD,ID_PAKIETU,ID_PRACOWNIKA) values (8,to_date('13-JAN-20','DD-MON-RR'),to_date('30-JAN-20','DD-MON-RR'),'51.4782:16.9655','51.4782:16.9655',25,22,5,22);
Insert into CAR_RENTAL_PROJECT.REZERWACJA (ID_REZERWACJA,DATA_WYDANIA,DATA_ODBIORU,LOKALIZACJA_MIEJSCA_WYDANIA,LOKALIZACJA_MIEJSCA_ODBIORU,ID_KLIENT,ID_SAMOCHOD,ID_PAKIETU,ID_PRACOWNIKA) values (21,to_date('01-DEC-19','DD-MON-RR'),to_date('01-JAN-20','DD-MON-RR'),'52.2358:21.1243','52.2358:21.1243',30,2,5,2);
REM INSERTING into CAR_RENTAL_PROJECT.SAMOCHOD
SET DEFINE OFF;
Insert into CAR_RENTAL_PROJECT.SAMOCHOD (ID_SAMOCHOD,LOKALIZACJA,NR_REJESTRACYJNY,ID_LEASING,ID_ODZIAL,ID_MARKA_MODEL) values (1,'52.218:21.020','WE52ET1',2,1,3);
Insert into CAR_RENTAL_PROJECT.SAMOCHOD (ID_SAMOCHOD,LOKALIZACJA,NR_REJESTRACYJNY,ID_LEASING,ID_ODZIAL,ID_MARKA_MODEL) values (2,'52.318:21.010','WT4588A',4,1,24);
Insert into CAR_RENTAL_PROJECT.SAMOCHOD (ID_SAMOCHOD,LOKALIZACJA,NR_REJESTRACYJNY,ID_LEASING,ID_ODZIAL,ID_MARKA_MODEL) values (3,'52.218:21.020','WE99A0Z',8,1,27);
Insert into CAR_RENTAL_PROJECT.SAMOCHOD (ID_SAMOCHOD,LOKALIZACJA,NR_REJESTRACYJNY,ID_LEASING,ID_ODZIAL,ID_MARKA_MODEL) values (4,'52.218:21.020','WE37651',6,1,28);
Insert into CAR_RENTAL_PROJECT.SAMOCHOD (ID_SAMOCHOD,LOKALIZACJA,NR_REJESTRACYJNY,ID_LEASING,ID_ODZIAL,ID_MARKA_MODEL) values (5,'51.7340:19.3770','EL1ZAZ2',3,3,2);
Insert into CAR_RENTAL_PROJECT.SAMOCHOD (ID_SAMOCHOD,LOKALIZACJA,NR_REJESTRACYJNY,ID_LEASING,ID_ODZIAL,ID_MARKA_MODEL) values (6,'51.7340:19.3770','EL2Z233',5,3,21);
Insert into CAR_RENTAL_PROJECT.SAMOCHOD (ID_SAMOCHOD,LOKALIZACJA,NR_REJESTRACYJNY,ID_LEASING,ID_ODZIAL,ID_MARKA_MODEL) values (7,'51.0340:19.3770','EL12344',6,3,28);
Insert into CAR_RENTAL_PROJECT.SAMOCHOD (ID_SAMOCHOD,LOKALIZACJA,NR_REJESTRACYJNY,ID_LEASING,ID_ODZIAL,ID_MARKA_MODEL) values (8,'49.8382:19.1772','KR9A245',5,2,21);
Insert into CAR_RENTAL_PROJECT.SAMOCHOD (ID_SAMOCHOD,LOKALIZACJA,NR_REJESTRACYJNY,ID_LEASING,ID_ODZIAL,ID_MARKA_MODEL) values (11,'49.8382:19.1772','KR9A345',4,2,22);
Insert into CAR_RENTAL_PROJECT.SAMOCHOD (ID_SAMOCHOD,LOKALIZACJA,NR_REJESTRACYJNY,ID_LEASING,ID_ODZIAL,ID_MARKA_MODEL) values (12,'47.8382:20.1772','KR9A545',8,2,25);
Insert into CAR_RENTAL_PROJECT.SAMOCHOD (ID_SAMOCHOD,LOKALIZACJA,NR_REJESTRACYJNY,ID_LEASING,ID_ODZIAL,ID_MARKA_MODEL) values (13,'50.0369:22.0008','RZE2000',3,5,1);
Insert into CAR_RENTAL_PROJECT.SAMOCHOD (ID_SAMOCHOD,LOKALIZACJA,NR_REJESTRACYJNY,ID_LEASING,ID_ODZIAL,ID_MARKA_MODEL) values (14,'50.0369:22.0008','RZE2A11',3,5,2);
Insert into CAR_RENTAL_PROJECT.SAMOCHOD (ID_SAMOCHOD,LOKALIZACJA,NR_REJESTRACYJNY,ID_LEASING,ID_ODZIAL,ID_MARKA_MODEL) values (15,'50.0569:21.0008','RZE2A12',8,5,26);
Insert into CAR_RENTAL_PROJECT.SAMOCHOD (ID_SAMOCHOD,LOKALIZACJA,NR_REJESTRACYJNY,ID_LEASING,ID_ODZIAL,ID_MARKA_MODEL) values (16,'54.3470:18.6515','GD13124',3,4,2);
Insert into CAR_RENTAL_PROJECT.SAMOCHOD (ID_SAMOCHOD,LOKALIZACJA,NR_REJESTRACYJNY,ID_LEASING,ID_ODZIAL,ID_MARKA_MODEL) values (17,'54.3470:18.6515','GD13A24',2,4,20);
Insert into CAR_RENTAL_PROJECT.SAMOCHOD (ID_SAMOCHOD,LOKALIZACJA,NR_REJESTRACYJNY,ID_LEASING,ID_ODZIAL,ID_MARKA_MODEL) values (20,'54.3471:18.2515','GD13A22',7,4,27);
Insert into CAR_RENTAL_PROJECT.SAMOCHOD (ID_SAMOCHOD,LOKALIZACJA,NR_REJESTRACYJNY,ID_LEASING,ID_ODZIAL,ID_MARKA_MODEL) values (21,'51.1126:17.0023','DW5A124',3,7,2);
Insert into CAR_RENTAL_PROJECT.SAMOCHOD (ID_SAMOCHOD,LOKALIZACJA,NR_REJESTRACYJNY,ID_LEASING,ID_ODZIAL,ID_MARKA_MODEL) values (22,'51.1126:17.0023','DW6A124',4,7,22);
Insert into CAR_RENTAL_PROJECT.SAMOCHOD (ID_SAMOCHOD,LOKALIZACJA,NR_REJESTRACYJNY,ID_LEASING,ID_ODZIAL,ID_MARKA_MODEL) values (23,'51.1126:17.0023','DW8A124',6,7,28);
REM INSERTING into CAR_RENTAL_PROJECT.SAMOCHOD_SEGMENT
SET DEFINE OFF;
Insert into CAR_RENTAL_PROJECT.SAMOCHOD_SEGMENT (ID_SEGMENT,CENA,NAZWA_SEGMENT,PRZECENA_SEGMENTU) values (1,75,'MIEJSKIE',0);
Insert into CAR_RENTAL_PROJECT.SAMOCHOD_SEGMENT (ID_SEGMENT,CENA,NAZWA_SEGMENT,PRZECENA_SEGMENTU) values (2,100,'KOMPAKT',0);
Insert into CAR_RENTAL_PROJECT.SAMOCHOD_SEGMENT (ID_SEGMENT,CENA,NAZWA_SEGMENT,PRZECENA_SEGMENTU) values (3,150,'SREDNIA',0);
Insert into CAR_RENTAL_PROJECT.SAMOCHOD_SEGMENT (ID_SEGMENT,CENA,NAZWA_SEGMENT,PRZECENA_SEGMENTU) values (4,230,'PREMIUM',10);
Insert into CAR_RENTAL_PROJECT.SAMOCHOD_SEGMENT (ID_SEGMENT,CENA,NAZWA_SEGMENT,PRZECENA_SEGMENTU) values (5,180,'VAN',0);
REM INSERTING into CAR_RENTAL_PROJECT.STANOWISKO
SET DEFINE OFF;
Insert into CAR_RENTAL_PROJECT.STANOWISKO (ID_STANOWISKA,NAZWA_STANOWISKA,PODSTAWA_WYNAGRODZENIA) values (2,'CEO',15000);
Insert into CAR_RENTAL_PROJECT.STANOWISKO (ID_STANOWISKA,NAZWA_STANOWISKA,PODSTAWA_WYNAGRODZENIA) values (3,'KIEROWNIK',7000);
Insert into CAR_RENTAL_PROJECT.STANOWISKO (ID_STANOWISKA,NAZWA_STANOWISKA,PODSTAWA_WYNAGRODZENIA) values (4,'KIEROWCA',3200);
Insert into CAR_RENTAL_PROJECT.STANOWISKO (ID_STANOWISKA,NAZWA_STANOWISKA,PODSTAWA_WYNAGRODZENIA) values (5,'UTRZYMANIE',2700);
--------------------------------------------------------
--  DDL for Index ADRES_ODZIALU_PK
--------------------------------------------------------

  CREATE UNIQUE INDEX "CAR_RENTAL_PROJECT"."ADRES_ODZIALU_PK" ON "CAR_RENTAL_PROJECT"."ADRES_ODZIALU" ("ID_ADRESU_ODZIALU") 
  PCTFREE 10 INITRANS 2 MAXTRANS 255 COMPUTE STATISTICS 
  STORAGE(INITIAL 65536 NEXT 1048576 MINEXTENTS 1 MAXEXTENTS 2147483645
  PCTINCREASE 0 FREELISTS 1 FREELIST GROUPS 1
  BUFFER_POOL DEFAULT FLASH_CACHE DEFAULT CELL_FLASH_CACHE DEFAULT)
  TABLESPACE "USERS" ;
--------------------------------------------------------
--  DDL for Index ADRES_PK
--------------------------------------------------------

  CREATE UNIQUE INDEX "CAR_RENTAL_PROJECT"."ADRES_PK" ON "CAR_RENTAL_PROJECT"."ADRES" ("ID_ADRESU") 
  PCTFREE 10 INITRANS 2 MAXTRANS 255 COMPUTE STATISTICS 
  STORAGE(INITIAL 65536 NEXT 1048576 MINEXTENTS 1 MAXEXTENTS 2147483645
  PCTINCREASE 0 FREELISTS 1 FREELIST GROUPS 1
  BUFFER_POOL DEFAULT FLASH_CACHE DEFAULT CELL_FLASH_CACHE DEFAULT)
  TABLESPACE "USERS" ;
--------------------------------------------------------
--  DDL for Index DANE_KONTAKTOWE_ODZIALU_PK
--------------------------------------------------------

  CREATE UNIQUE INDEX "CAR_RENTAL_PROJECT"."DANE_KONTAKTOWE_ODZIALU_PK" ON "CAR_RENTAL_PROJECT"."DANE_KONTAKTOWE_ODZIALU" ("TEL_GLOWNY") 
  PCTFREE 10 INITRANS 2 MAXTRANS 255 COMPUTE STATISTICS 
  STORAGE(INITIAL 65536 NEXT 1048576 MINEXTENTS 1 MAXEXTENTS 2147483645
  PCTINCREASE 0 FREELISTS 1 FREELIST GROUPS 1
  BUFFER_POOL DEFAULT FLASH_CACHE DEFAULT CELL_FLASH_CACHE DEFAULT)
  TABLESPACE "USERS" ;
--------------------------------------------------------
--  DDL for Index DANE_KONTATKOWE_PK
--------------------------------------------------------

  CREATE UNIQUE INDEX "CAR_RENTAL_PROJECT"."DANE_KONTATKOWE_PK" ON "CAR_RENTAL_PROJECT"."DANE_KONTATKOWE" ("NUMER_TELEFONU") 
  PCTFREE 10 INITRANS 2 MAXTRANS 255 COMPUTE STATISTICS 
  STORAGE(INITIAL 65536 NEXT 1048576 MINEXTENTS 1 MAXEXTENTS 2147483645
  PCTINCREASE 0 FREELISTS 1 FREELIST GROUPS 1
  BUFFER_POOL DEFAULT FLASH_CACHE DEFAULT CELL_FLASH_CACHE DEFAULT)
  TABLESPACE "USERS" ;
--------------------------------------------------------
--  DDL for Index KLIENT_PK
--------------------------------------------------------

  CREATE UNIQUE INDEX "CAR_RENTAL_PROJECT"."KLIENT_PK" ON "CAR_RENTAL_PROJECT"."KLIENT" ("ID_KLIENT") 
  PCTFREE 10 INITRANS 2 MAXTRANS 255 COMPUTE STATISTICS 
  STORAGE(INITIAL 65536 NEXT 1048576 MINEXTENTS 1 MAXEXTENTS 2147483645
  PCTINCREASE 0 FREELISTS 1 FREELIST GROUPS 1
  BUFFER_POOL DEFAULT FLASH_CACHE DEFAULT CELL_FLASH_CACHE DEFAULT)
  TABLESPACE "USERS" ;
--------------------------------------------------------
--  DDL for Index LEASING_PK
--------------------------------------------------------

  CREATE UNIQUE INDEX "CAR_RENTAL_PROJECT"."LEASING_PK" ON "CAR_RENTAL_PROJECT"."LEASING" ("ID_LEASING") 
  PCTFREE 10 INITRANS 2 MAXTRANS 255 COMPUTE STATISTICS 
  STORAGE(INITIAL 65536 NEXT 1048576 MINEXTENTS 1 MAXEXTENTS 2147483645
  PCTINCREASE 0 FREELISTS 1 FREELIST GROUPS 1
  BUFFER_POOL DEFAULT FLASH_CACHE DEFAULT CELL_FLASH_CACHE DEFAULT)
  TABLESPACE "USERS" ;
--------------------------------------------------------
--  DDL for Index MARKAMODEL_PK
--------------------------------------------------------

  CREATE UNIQUE INDEX "CAR_RENTAL_PROJECT"."MARKAMODEL_PK" ON "CAR_RENTAL_PROJECT"."MARKAMODEL" ("ID_MARKA_MODEL") 
  PCTFREE 10 INITRANS 2 MAXTRANS 255 COMPUTE STATISTICS 
  STORAGE(INITIAL 65536 NEXT 1048576 MINEXTENTS 1 MAXEXTENTS 2147483645
  PCTINCREASE 0 FREELISTS 1 FREELIST GROUPS 1
  BUFFER_POOL DEFAULT FLASH_CACHE DEFAULT CELL_FLASH_CACHE DEFAULT)
  TABLESPACE "USERS" ;
--------------------------------------------------------
--  DDL for Index ODDZIAL_PK
--------------------------------------------------------

  CREATE UNIQUE INDEX "CAR_RENTAL_PROJECT"."ODDZIAL_PK" ON "CAR_RENTAL_PROJECT"."ODDZIAL" ("ID_ODZIAL") 
  PCTFREE 10 INITRANS 2 MAXTRANS 255 COMPUTE STATISTICS 
  STORAGE(INITIAL 65536 NEXT 1048576 MINEXTENTS 1 MAXEXTENTS 2147483645
  PCTINCREASE 0 FREELISTS 1 FREELIST GROUPS 1
  BUFFER_POOL DEFAULT FLASH_CACHE DEFAULT CELL_FLASH_CACHE DEFAULT)
  TABLESPACE "USERS" ;
--------------------------------------------------------
--  DDL for Index PAKIETY_DODATKOWE_PK
--------------------------------------------------------

  CREATE UNIQUE INDEX "CAR_RENTAL_PROJECT"."PAKIETY_DODATKOWE_PK" ON "CAR_RENTAL_PROJECT"."PAKIETY_DODATKOWE" ("ID_PAKIETU") 
  PCTFREE 10 INITRANS 2 MAXTRANS 255 COMPUTE STATISTICS 
  STORAGE(INITIAL 65536 NEXT 1048576 MINEXTENTS 1 MAXEXTENTS 2147483645
  PCTINCREASE 0 FREELISTS 1 FREELIST GROUPS 1
  BUFFER_POOL DEFAULT FLASH_CACHE DEFAULT CELL_FLASH_CACHE DEFAULT)
  TABLESPACE "USERS" ;
--------------------------------------------------------
--  DDL for Index PRACOWNICY_PK
--------------------------------------------------------

  CREATE UNIQUE INDEX "CAR_RENTAL_PROJECT"."PRACOWNICY_PK" ON "CAR_RENTAL_PROJECT"."PRACOWNICY" ("ID_PRACOWNIKA") 
  PCTFREE 10 INITRANS 2 MAXTRANS 255 COMPUTE STATISTICS 
  STORAGE(INITIAL 65536 NEXT 1048576 MINEXTENTS 1 MAXEXTENTS 2147483645
  PCTINCREASE 0 FREELISTS 1 FREELIST GROUPS 1
  BUFFER_POOL DEFAULT FLASH_CACHE DEFAULT CELL_FLASH_CACHE DEFAULT)
  TABLESPACE "USERS" ;
--------------------------------------------------------
--  DDL for Index REZERWACJA_PK
--------------------------------------------------------

  CREATE UNIQUE INDEX "CAR_RENTAL_PROJECT"."REZERWACJA_PK" ON "CAR_RENTAL_PROJECT"."REZERWACJA" ("ID_REZERWACJA") 
  PCTFREE 10 INITRANS 2 MAXTRANS 255 COMPUTE STATISTICS 
  STORAGE(INITIAL 65536 NEXT 1048576 MINEXTENTS 1 MAXEXTENTS 2147483645
  PCTINCREASE 0 FREELISTS 1 FREELIST GROUPS 1
  BUFFER_POOL DEFAULT FLASH_CACHE DEFAULT CELL_FLASH_CACHE DEFAULT)
  TABLESPACE "USERS" ;
--------------------------------------------------------
--  DDL for Index SAMOCHOD_PK
--------------------------------------------------------

  CREATE UNIQUE INDEX "CAR_RENTAL_PROJECT"."SAMOCHOD_PK" ON "CAR_RENTAL_PROJECT"."SAMOCHOD" ("ID_SAMOCHOD") 
  PCTFREE 10 INITRANS 2 MAXTRANS 255 COMPUTE STATISTICS 
  STORAGE(INITIAL 65536 NEXT 1048576 MINEXTENTS 1 MAXEXTENTS 2147483645
  PCTINCREASE 0 FREELISTS 1 FREELIST GROUPS 1
  BUFFER_POOL DEFAULT FLASH_CACHE DEFAULT CELL_FLASH_CACHE DEFAULT)
  TABLESPACE "USERS" ;
--------------------------------------------------------
--  DDL for Index SAMOCHOD_SEGMENT_PK
--------------------------------------------------------

  CREATE UNIQUE INDEX "CAR_RENTAL_PROJECT"."SAMOCHOD_SEGMENT_PK" ON "CAR_RENTAL_PROJECT"."SAMOCHOD_SEGMENT" ("ID_SEGMENT") 
  PCTFREE 10 INITRANS 2 MAXTRANS 255 COMPUTE STATISTICS 
  STORAGE(INITIAL 65536 NEXT 1048576 MINEXTENTS 1 MAXEXTENTS 2147483645
  PCTINCREASE 0 FREELISTS 1 FREELIST GROUPS 1
  BUFFER_POOL DEFAULT FLASH_CACHE DEFAULT CELL_FLASH_CACHE DEFAULT)
  TABLESPACE "USERS" ;
--------------------------------------------------------
--  DDL for Index STANOWISKO_PK
--------------------------------------------------------

  CREATE UNIQUE INDEX "CAR_RENTAL_PROJECT"."STANOWISKO_PK" ON "CAR_RENTAL_PROJECT"."STANOWISKO" ("ID_STANOWISKA") 
  PCTFREE 10 INITRANS 2 MAXTRANS 255 COMPUTE STATISTICS 
  STORAGE(INITIAL 65536 NEXT 1048576 MINEXTENTS 1 MAXEXTENTS 2147483645
  PCTINCREASE 0 FREELISTS 1 FREELIST GROUPS 1
  BUFFER_POOL DEFAULT FLASH_CACHE DEFAULT CELL_FLASH_CACHE DEFAULT)
  TABLESPACE "USERS" ;
--------------------------------------------------------
--  DDL for Trigger ADRES_ODZIALU_TRG
--------------------------------------------------------

  CREATE OR REPLACE NONEDITIONABLE TRIGGER "CAR_RENTAL_PROJECT"."ADRES_ODZIALU_TRG" 
BEFORE INSERT ON ADRES_ODZIALU 
FOR EACH ROW 
BEGIN
  <<COLUMN_SEQUENCES>>
  BEGIN
    IF INSERTING AND :NEW.ID_ADRESU_ODZIALU IS NULL THEN
      SELECT ADRES_ODZIALU_SEQ1.NEXTVAL INTO :NEW.ID_ADRESU_ODZIALU FROM SYS.DUAL;
    END IF;
  END COLUMN_SEQUENCES;
END;
/
ALTER TRIGGER "CAR_RENTAL_PROJECT"."ADRES_ODZIALU_TRG" ENABLE;
--------------------------------------------------------
--  DDL for Trigger ADRES_TRG
--------------------------------------------------------

  CREATE OR REPLACE NONEDITIONABLE TRIGGER "CAR_RENTAL_PROJECT"."ADRES_TRG" 
BEFORE INSERT ON ADRES 
FOR EACH ROW 
BEGIN
  <<COLUMN_SEQUENCES>>
  BEGIN
    IF INSERTING AND :NEW.ID_ADRESU IS NULL THEN
      SELECT ADRES_SEQ.NEXTVAL INTO :NEW.ID_ADRESU FROM SYS.DUAL;
    END IF;
  END COLUMN_SEQUENCES;
END;
/
ALTER TRIGGER "CAR_RENTAL_PROJECT"."ADRES_TRG" ENABLE;
--------------------------------------------------------
--  DDL for Trigger KLIENT_TRG
--------------------------------------------------------

  CREATE OR REPLACE NONEDITIONABLE TRIGGER "CAR_RENTAL_PROJECT"."KLIENT_TRG" 
BEFORE INSERT ON KLIENT 
FOR EACH ROW 
BEGIN
  <<COLUMN_SEQUENCES>>
  BEGIN
    IF INSERTING AND :NEW.ID_KLIENT IS NULL THEN
      SELECT KLIENT_SEQ1.NEXTVAL INTO :NEW.ID_KLIENT FROM SYS.DUAL;
    END IF;
  END COLUMN_SEQUENCES;
END;
/
ALTER TRIGGER "CAR_RENTAL_PROJECT"."KLIENT_TRG" ENABLE;
--------------------------------------------------------
--  DDL for Trigger LEASING_TRG
--------------------------------------------------------

  CREATE OR REPLACE NONEDITIONABLE TRIGGER "CAR_RENTAL_PROJECT"."LEASING_TRG" 
BEFORE INSERT ON LEASING 
FOR EACH ROW 
BEGIN
  <<COLUMN_SEQUENCES>>
  BEGIN
    IF INSERTING AND :NEW.ID_LEASING IS NULL THEN
      SELECT LEASING_SEQ1.NEXTVAL INTO :NEW.ID_LEASING FROM SYS.DUAL;
    END IF;
  END COLUMN_SEQUENCES;
END;
/
ALTER TRIGGER "CAR_RENTAL_PROJECT"."LEASING_TRG" ENABLE;
--------------------------------------------------------
--  DDL for Trigger MARKAMODEL_TRG
--------------------------------------------------------

  CREATE OR REPLACE NONEDITIONABLE TRIGGER "CAR_RENTAL_PROJECT"."MARKAMODEL_TRG" 
BEFORE INSERT ON MARKAMODEL 
FOR EACH ROW 
BEGIN
  <<COLUMN_SEQUENCES>>
  BEGIN
    IF INSERTING AND :NEW.ID_MARKA_MODEL IS NULL THEN
      SELECT MARKAMODEL_SEQ.NEXTVAL INTO :NEW.ID_MARKA_MODEL FROM SYS.DUAL;
    END IF;
  END COLUMN_SEQUENCES;
END;
/
ALTER TRIGGER "CAR_RENTAL_PROJECT"."MARKAMODEL_TRG" ENABLE;
--------------------------------------------------------
--  DDL for Trigger ODDZIAL_TRG
--------------------------------------------------------

  CREATE OR REPLACE NONEDITIONABLE TRIGGER "CAR_RENTAL_PROJECT"."ODDZIAL_TRG" 
BEFORE INSERT ON ODDZIAL 
FOR EACH ROW 
BEGIN
  <<COLUMN_SEQUENCES>>
  BEGIN
    IF INSERTING AND :NEW.ID_ODZIAL IS NULL THEN
      SELECT ODDZIAL_SEQ1.NEXTVAL INTO :NEW.ID_ODZIAL FROM SYS.DUAL;
    END IF;
  END COLUMN_SEQUENCES;
END;
/
ALTER TRIGGER "CAR_RENTAL_PROJECT"."ODDZIAL_TRG" ENABLE;
--------------------------------------------------------
--  DDL for Trigger PAKIETY_DODATKOWE_TRG
--------------------------------------------------------

  CREATE OR REPLACE NONEDITIONABLE TRIGGER "CAR_RENTAL_PROJECT"."PAKIETY_DODATKOWE_TRG" 
BEFORE INSERT ON PAKIETY_DODATKOWE 
FOR EACH ROW 
BEGIN
  <<COLUMN_SEQUENCES>>
  BEGIN
    IF INSERTING AND :NEW.ID_PAKIETU IS NULL THEN
      SELECT PAKIETY_DODATKOWE_SEQ.NEXTVAL INTO :NEW.ID_PAKIETU FROM SYS.DUAL;
    END IF;
  END COLUMN_SEQUENCES;
END;
/
ALTER TRIGGER "CAR_RENTAL_PROJECT"."PAKIETY_DODATKOWE_TRG" ENABLE;
--------------------------------------------------------
--  DDL for Trigger PRACOWNICY_TRG
--------------------------------------------------------

  CREATE OR REPLACE NONEDITIONABLE TRIGGER "CAR_RENTAL_PROJECT"."PRACOWNICY_TRG" 
BEFORE INSERT ON PRACOWNICY 
FOR EACH ROW 
BEGIN
  <<COLUMN_SEQUENCES>>
  BEGIN
    IF INSERTING AND :NEW.ID_PRACOWNIKA IS NULL THEN
      SELECT PRACOWNICY_SEQ.NEXTVAL INTO :NEW.ID_PRACOWNIKA FROM SYS.DUAL;
    END IF;
  END COLUMN_SEQUENCES;
END;
/
ALTER TRIGGER "CAR_RENTAL_PROJECT"."PRACOWNICY_TRG" ENABLE;
--------------------------------------------------------
--  DDL for Trigger REZERWACJA_TRG
--------------------------------------------------------

  CREATE OR REPLACE NONEDITIONABLE TRIGGER "CAR_RENTAL_PROJECT"."REZERWACJA_TRG" 
BEFORE INSERT ON REZERWACJA 
FOR EACH ROW 
BEGIN
  <<COLUMN_SEQUENCES>>
  BEGIN
    IF INSERTING AND :NEW.ID_REZERWACJA IS NULL THEN
      SELECT REZERWACJA_SEQ.NEXTVAL INTO :NEW.ID_REZERWACJA FROM SYS.DUAL;
    END IF;
  END COLUMN_SEQUENCES;
END;
/
ALTER TRIGGER "CAR_RENTAL_PROJECT"."REZERWACJA_TRG" ENABLE;
--------------------------------------------------------
--  DDL for Trigger SAMOCHOD_SEGMENT_TRG
--------------------------------------------------------

  CREATE OR REPLACE NONEDITIONABLE TRIGGER "CAR_RENTAL_PROJECT"."SAMOCHOD_SEGMENT_TRG" 
BEFORE INSERT ON SAMOCHOD_SEGMENT 
FOR EACH ROW 
BEGIN
  <<COLUMN_SEQUENCES>>
  BEGIN
    IF INSERTING AND :NEW.ID_SEGMENT IS NULL THEN
      SELECT SAMOCHOD_SEGMENT_SEQ.NEXTVAL INTO :NEW.ID_SEGMENT FROM SYS.DUAL;
    END IF;
  END COLUMN_SEQUENCES;
END;
/
ALTER TRIGGER "CAR_RENTAL_PROJECT"."SAMOCHOD_SEGMENT_TRG" ENABLE;
--------------------------------------------------------
--  DDL for Trigger SAMOCHOD_TRG
--------------------------------------------------------

  CREATE OR REPLACE NONEDITIONABLE TRIGGER "CAR_RENTAL_PROJECT"."SAMOCHOD_TRG" 
BEFORE INSERT ON SAMOCHOD 
FOR EACH ROW 
BEGIN
  <<COLUMN_SEQUENCES>>
  BEGIN
    IF INSERTING AND :NEW.ID_SAMOCHOD IS NULL THEN
      SELECT SAMOCHOD_SEQ.NEXTVAL INTO :NEW.ID_SAMOCHOD FROM SYS.DUAL;
    END IF;
  END COLUMN_SEQUENCES;
END;
/
ALTER TRIGGER "CAR_RENTAL_PROJECT"."SAMOCHOD_TRG" ENABLE;
--------------------------------------------------------
--  DDL for Trigger STANOWISKO_TRG
--------------------------------------------------------

  CREATE OR REPLACE NONEDITIONABLE TRIGGER "CAR_RENTAL_PROJECT"."STANOWISKO_TRG" 
BEFORE INSERT ON STANOWISKO 
FOR EACH ROW 
BEGIN
  <<COLUMN_SEQUENCES>>
  BEGIN
    IF INSERTING AND :NEW.ID_STANOWISKA IS NULL THEN
      SELECT STANOWISKO_SEQ.NEXTVAL INTO :NEW.ID_STANOWISKA FROM SYS.DUAL;
    END IF;
  END COLUMN_SEQUENCES;
END;
/
ALTER TRIGGER "CAR_RENTAL_PROJECT"."STANOWISKO_TRG" ENABLE;
--------------------------------------------------------
--  Constraints for Table ODDZIAL
--------------------------------------------------------

  ALTER TABLE "CAR_RENTAL_PROJECT"."ODDZIAL" MODIFY ("ID_ODZIAL" NOT NULL ENABLE);
  ALTER TABLE "CAR_RENTAL_PROJECT"."ODDZIAL" MODIFY ("GODZINA_OTWARCIA" NOT NULL ENABLE);
  ALTER TABLE "CAR_RENTAL_PROJECT"."ODDZIAL" MODIFY ("GODZINA_ZAMKNIECIA" NOT NULL ENABLE);
  ALTER TABLE "CAR_RENTAL_PROJECT"."ODDZIAL" MODIFY ("TEL_GLOWNY" NOT NULL ENABLE);
  ALTER TABLE "CAR_RENTAL_PROJECT"."ODDZIAL" MODIFY ("ID_ADRESU_ODZIALU" NOT NULL ENABLE);
  ALTER TABLE "CAR_RENTAL_PROJECT"."ODDZIAL" ADD CONSTRAINT "ODDZIAL_PK" PRIMARY KEY ("ID_ODZIAL")
  USING INDEX PCTFREE 10 INITRANS 2 MAXTRANS 255 COMPUTE STATISTICS 
  STORAGE(INITIAL 65536 NEXT 1048576 MINEXTENTS 1 MAXEXTENTS 2147483645
  PCTINCREASE 0 FREELISTS 1 FREELIST GROUPS 1
  BUFFER_POOL DEFAULT FLASH_CACHE DEFAULT CELL_FLASH_CACHE DEFAULT)
  TABLESPACE "USERS"  ENABLE;
--------------------------------------------------------
--  Constraints for Table SAMOCHOD
--------------------------------------------------------

  ALTER TABLE "CAR_RENTAL_PROJECT"."SAMOCHOD" MODIFY ("ID_SAMOCHOD" NOT NULL ENABLE);
  ALTER TABLE "CAR_RENTAL_PROJECT"."SAMOCHOD" MODIFY ("LOKALIZACJA" NOT NULL ENABLE);
  ALTER TABLE "CAR_RENTAL_PROJECT"."SAMOCHOD" MODIFY ("NR_REJESTRACYJNY" NOT NULL ENABLE);
  ALTER TABLE "CAR_RENTAL_PROJECT"."SAMOCHOD" MODIFY ("ID_LEASING" NOT NULL ENABLE);
  ALTER TABLE "CAR_RENTAL_PROJECT"."SAMOCHOD" MODIFY ("ID_ODZIAL" NOT NULL ENABLE);
  ALTER TABLE "CAR_RENTAL_PROJECT"."SAMOCHOD" MODIFY ("ID_MARKA_MODEL" NOT NULL ENABLE);
  ALTER TABLE "CAR_RENTAL_PROJECT"."SAMOCHOD" ADD CONSTRAINT "SAMOCHOD_PK" PRIMARY KEY ("ID_SAMOCHOD")
  USING INDEX PCTFREE 10 INITRANS 2 MAXTRANS 255 COMPUTE STATISTICS 
  STORAGE(INITIAL 65536 NEXT 1048576 MINEXTENTS 1 MAXEXTENTS 2147483645
  PCTINCREASE 0 FREELISTS 1 FREELIST GROUPS 1
  BUFFER_POOL DEFAULT FLASH_CACHE DEFAULT CELL_FLASH_CACHE DEFAULT)
  TABLESPACE "USERS"  ENABLE;
--------------------------------------------------------
--  Constraints for Table LEASING
--------------------------------------------------------

  ALTER TABLE "CAR_RENTAL_PROJECT"."LEASING" MODIFY ("ID_LEASING" NOT NULL ENABLE);
  ALTER TABLE "CAR_RENTAL_PROJECT"."LEASING" MODIFY ("DATA_KUPNA" NOT NULL ENABLE);
  ALTER TABLE "CAR_RENTAL_PROJECT"."LEASING" MODIFY ("DATA_SPRZEDAZY" NOT NULL ENABLE);
  ALTER TABLE "CAR_RENTAL_PROJECT"."LEASING" MODIFY ("RATA" NOT NULL ENABLE);
  ALTER TABLE "CAR_RENTAL_PROJECT"."LEASING" ADD CONSTRAINT "LEASING_PK" PRIMARY KEY ("ID_LEASING")
  USING INDEX PCTFREE 10 INITRANS 2 MAXTRANS 255 COMPUTE STATISTICS 
  STORAGE(INITIAL 65536 NEXT 1048576 MINEXTENTS 1 MAXEXTENTS 2147483645
  PCTINCREASE 0 FREELISTS 1 FREELIST GROUPS 1
  BUFFER_POOL DEFAULT FLASH_CACHE DEFAULT CELL_FLASH_CACHE DEFAULT)
  TABLESPACE "USERS"  ENABLE;
--------------------------------------------------------
--  Constraints for Table REZERWACJA
--------------------------------------------------------

  ALTER TABLE "CAR_RENTAL_PROJECT"."REZERWACJA" MODIFY ("ID_REZERWACJA" NOT NULL ENABLE);
  ALTER TABLE "CAR_RENTAL_PROJECT"."REZERWACJA" MODIFY ("DATA_WYDANIA" NOT NULL ENABLE);
  ALTER TABLE "CAR_RENTAL_PROJECT"."REZERWACJA" MODIFY ("DATA_ODBIORU" NOT NULL ENABLE);
  ALTER TABLE "CAR_RENTAL_PROJECT"."REZERWACJA" MODIFY ("LOKALIZACJA_MIEJSCA_WYDANIA" NOT NULL ENABLE);
  ALTER TABLE "CAR_RENTAL_PROJECT"."REZERWACJA" MODIFY ("LOKALIZACJA_MIEJSCA_ODBIORU" NOT NULL ENABLE);
  ALTER TABLE "CAR_RENTAL_PROJECT"."REZERWACJA" MODIFY ("ID_KLIENT" NOT NULL ENABLE);
  ALTER TABLE "CAR_RENTAL_PROJECT"."REZERWACJA" MODIFY ("ID_SAMOCHOD" NOT NULL ENABLE);
  ALTER TABLE "CAR_RENTAL_PROJECT"."REZERWACJA" MODIFY ("ID_PAKIETU" NOT NULL ENABLE);
  ALTER TABLE "CAR_RENTAL_PROJECT"."REZERWACJA" MODIFY ("ID_PRACOWNIKA" NOT NULL ENABLE);
  ALTER TABLE "CAR_RENTAL_PROJECT"."REZERWACJA" ADD CONSTRAINT "REZERWACJA_PK" PRIMARY KEY ("ID_REZERWACJA")
  USING INDEX PCTFREE 10 INITRANS 2 MAXTRANS 255 COMPUTE STATISTICS 
  STORAGE(INITIAL 65536 NEXT 1048576 MINEXTENTS 1 MAXEXTENTS 2147483645
  PCTINCREASE 0 FREELISTS 1 FREELIST GROUPS 1
  BUFFER_POOL DEFAULT FLASH_CACHE DEFAULT CELL_FLASH_CACHE DEFAULT)
  TABLESPACE "USERS"  ENABLE;
--------------------------------------------------------
--  Constraints for Table PRACOWNICY
--------------------------------------------------------

  ALTER TABLE "CAR_RENTAL_PROJECT"."PRACOWNICY" MODIFY ("ID_PRACOWNIKA" NOT NULL ENABLE);
  ALTER TABLE "CAR_RENTAL_PROJECT"."PRACOWNICY" MODIFY ("IMIE" NOT NULL ENABLE);
  ALTER TABLE "CAR_RENTAL_PROJECT"."PRACOWNICY" MODIFY ("NAZWISKO" NOT NULL ENABLE);
  ALTER TABLE "CAR_RENTAL_PROJECT"."PRACOWNICY" MODIFY ("NUMER_DOWODU_PRACOWNIKA" NOT NULL ENABLE);
  ALTER TABLE "CAR_RENTAL_PROJECT"."PRACOWNICY" MODIFY ("ID_ODZIAL" NOT NULL ENABLE);
  ALTER TABLE "CAR_RENTAL_PROJECT"."PRACOWNICY" MODIFY ("ID_STANOWISKA" NOT NULL ENABLE);
  ALTER TABLE "CAR_RENTAL_PROJECT"."PRACOWNICY" MODIFY ("ID_ADRESU" NOT NULL ENABLE);
  ALTER TABLE "CAR_RENTAL_PROJECT"."PRACOWNICY" MODIFY ("NUMER_TELEFONU" NOT NULL ENABLE);
  ALTER TABLE "CAR_RENTAL_PROJECT"."PRACOWNICY" ADD CONSTRAINT "PRACOWNICY_PK" PRIMARY KEY ("ID_PRACOWNIKA")
  USING INDEX PCTFREE 10 INITRANS 2 MAXTRANS 255 COMPUTE STATISTICS 
  STORAGE(INITIAL 65536 NEXT 1048576 MINEXTENTS 1 MAXEXTENTS 2147483645
  PCTINCREASE 0 FREELISTS 1 FREELIST GROUPS 1
  BUFFER_POOL DEFAULT FLASH_CACHE DEFAULT CELL_FLASH_CACHE DEFAULT)
  TABLESPACE "USERS"  ENABLE;
--------------------------------------------------------
--  Constraints for Table SAMOCHOD_SEGMENT
--------------------------------------------------------

  ALTER TABLE "CAR_RENTAL_PROJECT"."SAMOCHOD_SEGMENT" MODIFY ("ID_SEGMENT" NOT NULL ENABLE);
  ALTER TABLE "CAR_RENTAL_PROJECT"."SAMOCHOD_SEGMENT" MODIFY ("CENA" NOT NULL ENABLE);
  ALTER TABLE "CAR_RENTAL_PROJECT"."SAMOCHOD_SEGMENT" MODIFY ("NAZWA_SEGMENT" NOT NULL ENABLE);
  ALTER TABLE "CAR_RENTAL_PROJECT"."SAMOCHOD_SEGMENT" ADD CONSTRAINT "SAMOCHOD_SEGMENT_PK" PRIMARY KEY ("ID_SEGMENT")
  USING INDEX PCTFREE 10 INITRANS 2 MAXTRANS 255 COMPUTE STATISTICS 
  STORAGE(INITIAL 65536 NEXT 1048576 MINEXTENTS 1 MAXEXTENTS 2147483645
  PCTINCREASE 0 FREELISTS 1 FREELIST GROUPS 1
  BUFFER_POOL DEFAULT FLASH_CACHE DEFAULT CELL_FLASH_CACHE DEFAULT)
  TABLESPACE "USERS"  ENABLE;
--------------------------------------------------------
--  Constraints for Table DANE_KONTATKOWE
--------------------------------------------------------

  ALTER TABLE "CAR_RENTAL_PROJECT"."DANE_KONTATKOWE" MODIFY ("NUMER_TELEFONU" NOT NULL ENABLE);
  ALTER TABLE "CAR_RENTAL_PROJECT"."DANE_KONTATKOWE" ADD CONSTRAINT "DANE_KONTATKOWE_PK" PRIMARY KEY ("NUMER_TELEFONU")
  USING INDEX PCTFREE 10 INITRANS 2 MAXTRANS 255 COMPUTE STATISTICS 
  STORAGE(INITIAL 65536 NEXT 1048576 MINEXTENTS 1 MAXEXTENTS 2147483645
  PCTINCREASE 0 FREELISTS 1 FREELIST GROUPS 1
  BUFFER_POOL DEFAULT FLASH_CACHE DEFAULT CELL_FLASH_CACHE DEFAULT)
  TABLESPACE "USERS"  ENABLE;
--------------------------------------------------------
--  Constraints for Table DANE_KONTAKTOWE_ODZIALU
--------------------------------------------------------

  ALTER TABLE "CAR_RENTAL_PROJECT"."DANE_KONTAKTOWE_ODZIALU" MODIFY ("TEL_GLOWNY" NOT NULL ENABLE);
  ALTER TABLE "CAR_RENTAL_PROJECT"."DANE_KONTAKTOWE_ODZIALU" MODIFY ("EMAIL_ODZIALU" NOT NULL ENABLE);
  ALTER TABLE "CAR_RENTAL_PROJECT"."DANE_KONTAKTOWE_ODZIALU" ADD CONSTRAINT "DANE_KONTAKTOWE_ODZIALU_PK" PRIMARY KEY ("TEL_GLOWNY")
  USING INDEX PCTFREE 10 INITRANS 2 MAXTRANS 255 COMPUTE STATISTICS 
  STORAGE(INITIAL 65536 NEXT 1048576 MINEXTENTS 1 MAXEXTENTS 2147483645
  PCTINCREASE 0 FREELISTS 1 FREELIST GROUPS 1
  BUFFER_POOL DEFAULT FLASH_CACHE DEFAULT CELL_FLASH_CACHE DEFAULT)
  TABLESPACE "USERS"  ENABLE;
--------------------------------------------------------
--  Constraints for Table ADRES
--------------------------------------------------------

  ALTER TABLE "CAR_RENTAL_PROJECT"."ADRES" MODIFY ("ID_ADRESU" NOT NULL ENABLE);
  ALTER TABLE "CAR_RENTAL_PROJECT"."ADRES" MODIFY ("PANSTWO" NOT NULL ENABLE);
  ALTER TABLE "CAR_RENTAL_PROJECT"."ADRES" MODIFY ("MIASTO" NOT NULL ENABLE);
  ALTER TABLE "CAR_RENTAL_PROJECT"."ADRES" MODIFY ("KOD" NOT NULL ENABLE);
  ALTER TABLE "CAR_RENTAL_PROJECT"."ADRES" MODIFY ("NUMER" NOT NULL ENABLE);
  ALTER TABLE "CAR_RENTAL_PROJECT"."ADRES" MODIFY ("ULICA" NOT NULL ENABLE);
  ALTER TABLE "CAR_RENTAL_PROJECT"."ADRES" ADD CONSTRAINT "ADRES_PK" PRIMARY KEY ("ID_ADRESU")
  USING INDEX PCTFREE 10 INITRANS 2 MAXTRANS 255 COMPUTE STATISTICS 
  STORAGE(INITIAL 65536 NEXT 1048576 MINEXTENTS 1 MAXEXTENTS 2147483645
  PCTINCREASE 0 FREELISTS 1 FREELIST GROUPS 1
  BUFFER_POOL DEFAULT FLASH_CACHE DEFAULT CELL_FLASH_CACHE DEFAULT)
  TABLESPACE "USERS"  ENABLE;
--------------------------------------------------------
--  Constraints for Table ADRES_ODZIALU
--------------------------------------------------------

  ALTER TABLE "CAR_RENTAL_PROJECT"."ADRES_ODZIALU" MODIFY ("ID_ADRESU_ODZIALU" NOT NULL ENABLE);
  ALTER TABLE "CAR_RENTAL_PROJECT"."ADRES_ODZIALU" MODIFY ("PANSTWO_ODZIALU" NOT NULL ENABLE);
  ALTER TABLE "CAR_RENTAL_PROJECT"."ADRES_ODZIALU" MODIFY ("KOD_ODZIALU" NOT NULL ENABLE);
  ALTER TABLE "CAR_RENTAL_PROJECT"."ADRES_ODZIALU" MODIFY ("MIASTO_ODZIALU" NOT NULL ENABLE);
  ALTER TABLE "CAR_RENTAL_PROJECT"."ADRES_ODZIALU" MODIFY ("NUMER_ODZIALU" NOT NULL ENABLE);
  ALTER TABLE "CAR_RENTAL_PROJECT"."ADRES_ODZIALU" ADD CONSTRAINT "ADRES_ODZIALU_PK" PRIMARY KEY ("ID_ADRESU_ODZIALU")
  USING INDEX PCTFREE 10 INITRANS 2 MAXTRANS 255 COMPUTE STATISTICS 
  STORAGE(INITIAL 65536 NEXT 1048576 MINEXTENTS 1 MAXEXTENTS 2147483645
  PCTINCREASE 0 FREELISTS 1 FREELIST GROUPS 1
  BUFFER_POOL DEFAULT FLASH_CACHE DEFAULT CELL_FLASH_CACHE DEFAULT)
  TABLESPACE "USERS"  ENABLE;
--------------------------------------------------------
--  Constraints for Table PAKIETY_DODATKOWE
--------------------------------------------------------

  ALTER TABLE "CAR_RENTAL_PROJECT"."PAKIETY_DODATKOWE" MODIFY ("ID_PAKIETU" NOT NULL ENABLE);
  ALTER TABLE "CAR_RENTAL_PROJECT"."PAKIETY_DODATKOWE" MODIFY ("NAZWA_PAKIETU" NOT NULL ENABLE);
  ALTER TABLE "CAR_RENTAL_PROJECT"."PAKIETY_DODATKOWE" MODIFY ("DODATKOWY_KOSZT" NOT NULL ENABLE);
  ALTER TABLE "CAR_RENTAL_PROJECT"."PAKIETY_DODATKOWE" ADD CONSTRAINT "PAKIETY_DODATKOWE_PK" PRIMARY KEY ("ID_PAKIETU")
  USING INDEX PCTFREE 10 INITRANS 2 MAXTRANS 255 COMPUTE STATISTICS 
  STORAGE(INITIAL 65536 NEXT 1048576 MINEXTENTS 1 MAXEXTENTS 2147483645
  PCTINCREASE 0 FREELISTS 1 FREELIST GROUPS 1
  BUFFER_POOL DEFAULT FLASH_CACHE DEFAULT CELL_FLASH_CACHE DEFAULT)
  TABLESPACE "USERS"  ENABLE;
--------------------------------------------------------
--  Constraints for Table MARKAMODEL
--------------------------------------------------------

  ALTER TABLE "CAR_RENTAL_PROJECT"."MARKAMODEL" MODIFY ("MARKA" NOT NULL ENABLE);
  ALTER TABLE "CAR_RENTAL_PROJECT"."MARKAMODEL" MODIFY ("MODEL" NOT NULL ENABLE);
  ALTER TABLE "CAR_RENTAL_PROJECT"."MARKAMODEL" MODIFY ("ID_MARKA_MODEL" NOT NULL ENABLE);
  ALTER TABLE "CAR_RENTAL_PROJECT"."MARKAMODEL" MODIFY ("ID_SEGMENT" NOT NULL ENABLE);
  ALTER TABLE "CAR_RENTAL_PROJECT"."MARKAMODEL" ADD CONSTRAINT "MARKAMODEL_PK" PRIMARY KEY ("ID_MARKA_MODEL")
  USING INDEX PCTFREE 10 INITRANS 2 MAXTRANS 255 COMPUTE STATISTICS 
  STORAGE(INITIAL 65536 NEXT 1048576 MINEXTENTS 1 MAXEXTENTS 2147483645
  PCTINCREASE 0 FREELISTS 1 FREELIST GROUPS 1
  BUFFER_POOL DEFAULT FLASH_CACHE DEFAULT CELL_FLASH_CACHE DEFAULT)
  TABLESPACE "USERS"  ENABLE;
--------------------------------------------------------
--  Constraints for Table KLIENT
--------------------------------------------------------

  ALTER TABLE "CAR_RENTAL_PROJECT"."KLIENT" MODIFY ("ID_KLIENT" NOT NULL ENABLE);
  ALTER TABLE "CAR_RENTAL_PROJECT"."KLIENT" MODIFY ("IMIE" NOT NULL ENABLE);
  ALTER TABLE "CAR_RENTAL_PROJECT"."KLIENT" MODIFY ("NAZWISKO" NOT NULL ENABLE);
  ALTER TABLE "CAR_RENTAL_PROJECT"."KLIENT" MODIFY ("NUMER_DOWODU_KLIETA" NOT NULL ENABLE);
  ALTER TABLE "CAR_RENTAL_PROJECT"."KLIENT" MODIFY ("ID_ADRESU" NOT NULL ENABLE);
  ALTER TABLE "CAR_RENTAL_PROJECT"."KLIENT" MODIFY ("NUMER_TELEFONU" NOT NULL ENABLE);
  ALTER TABLE "CAR_RENTAL_PROJECT"."KLIENT" ADD CONSTRAINT "KLIENT_PK" PRIMARY KEY ("ID_KLIENT")
  USING INDEX PCTFREE 10 INITRANS 2 MAXTRANS 255 COMPUTE STATISTICS 
  STORAGE(INITIAL 65536 NEXT 1048576 MINEXTENTS 1 MAXEXTENTS 2147483645
  PCTINCREASE 0 FREELISTS 1 FREELIST GROUPS 1
  BUFFER_POOL DEFAULT FLASH_CACHE DEFAULT CELL_FLASH_CACHE DEFAULT)
  TABLESPACE "USERS"  ENABLE;
--------------------------------------------------------
--  Constraints for Table STANOWISKO
--------------------------------------------------------

  ALTER TABLE "CAR_RENTAL_PROJECT"."STANOWISKO" MODIFY ("ID_STANOWISKA" NOT NULL ENABLE);
  ALTER TABLE "CAR_RENTAL_PROJECT"."STANOWISKO" MODIFY ("NAZWA_STANOWISKA" NOT NULL ENABLE);
  ALTER TABLE "CAR_RENTAL_PROJECT"."STANOWISKO" MODIFY ("PODSTAWA_WYNAGRODZENIA" NOT NULL ENABLE);
  ALTER TABLE "CAR_RENTAL_PROJECT"."STANOWISKO" ADD CONSTRAINT "STANOWISKO_PK" PRIMARY KEY ("ID_STANOWISKA")
  USING INDEX PCTFREE 10 INITRANS 2 MAXTRANS 255 COMPUTE STATISTICS 
  STORAGE(INITIAL 65536 NEXT 1048576 MINEXTENTS 1 MAXEXTENTS 2147483645
  PCTINCREASE 0 FREELISTS 1 FREELIST GROUPS 1
  BUFFER_POOL DEFAULT FLASH_CACHE DEFAULT CELL_FLASH_CACHE DEFAULT)
  TABLESPACE "USERS"  ENABLE;
--------------------------------------------------------
--  Ref Constraints for Table KLIENT
--------------------------------------------------------

  ALTER TABLE "CAR_RENTAL_PROJECT"."KLIENT" ADD CONSTRAINT "ADRES_FKV1" FOREIGN KEY ("ID_ADRESU")
	  REFERENCES "CAR_RENTAL_PROJECT"."ADRES" ("ID_ADRESU") ENABLE;
  ALTER TABLE "CAR_RENTAL_PROJECT"."KLIENT" ADD CONSTRAINT "DANE_KONTATKOWE_FKV1" FOREIGN KEY ("NUMER_TELEFONU")
	  REFERENCES "CAR_RENTAL_PROJECT"."DANE_KONTATKOWE" ("NUMER_TELEFONU") ENABLE;
--------------------------------------------------------
--  Ref Constraints for Table MARKAMODEL
--------------------------------------------------------

  ALTER TABLE "CAR_RENTAL_PROJECT"."MARKAMODEL" ADD CONSTRAINT "SAMOCHOD_SEGMENT_FK" FOREIGN KEY ("ID_SEGMENT")
	  REFERENCES "CAR_RENTAL_PROJECT"."SAMOCHOD_SEGMENT" ("ID_SEGMENT") ENABLE;
--------------------------------------------------------
--  Ref Constraints for Table ODDZIAL
--------------------------------------------------------

  ALTER TABLE "CAR_RENTAL_PROJECT"."ODDZIAL" ADD CONSTRAINT "ADRES_ODZIALU_FK" FOREIGN KEY ("ID_ADRESU_ODZIALU")
	  REFERENCES "CAR_RENTAL_PROJECT"."ADRES_ODZIALU" ("ID_ADRESU_ODZIALU") ENABLE;
  ALTER TABLE "CAR_RENTAL_PROJECT"."ODDZIAL" ADD CONSTRAINT "DANE_KONTAKTOWE_ODZIALU_FK" FOREIGN KEY ("TEL_GLOWNY")
	  REFERENCES "CAR_RENTAL_PROJECT"."DANE_KONTAKTOWE_ODZIALU" ("TEL_GLOWNY") ENABLE;
--------------------------------------------------------
--  Ref Constraints for Table PRACOWNICY
--------------------------------------------------------

  ALTER TABLE "CAR_RENTAL_PROJECT"."PRACOWNICY" ADD CONSTRAINT "ADRES_FKV2" FOREIGN KEY ("ID_ADRESU")
	  REFERENCES "CAR_RENTAL_PROJECT"."ADRES" ("ID_ADRESU") ENABLE;
  ALTER TABLE "CAR_RENTAL_PROJECT"."PRACOWNICY" ADD CONSTRAINT "DANE_KONTATKOWE_FKV2" FOREIGN KEY ("NUMER_TELEFONU")
	  REFERENCES "CAR_RENTAL_PROJECT"."DANE_KONTATKOWE" ("NUMER_TELEFONU") ENABLE;
  ALTER TABLE "CAR_RENTAL_PROJECT"."PRACOWNICY" ADD CONSTRAINT "ODDZIAL_FK" FOREIGN KEY ("ID_ODZIAL")
	  REFERENCES "CAR_RENTAL_PROJECT"."ODDZIAL" ("ID_ODZIAL") ENABLE;
  ALTER TABLE "CAR_RENTAL_PROJECT"."PRACOWNICY" ADD CONSTRAINT "STANOWISKO_FK" FOREIGN KEY ("ID_STANOWISKA")
	  REFERENCES "CAR_RENTAL_PROJECT"."STANOWISKO" ("ID_STANOWISKA") ENABLE;
--------------------------------------------------------
--  Ref Constraints for Table REZERWACJA
--------------------------------------------------------

  ALTER TABLE "CAR_RENTAL_PROJECT"."REZERWACJA" ADD CONSTRAINT "KLIENT_FK" FOREIGN KEY ("ID_KLIENT")
	  REFERENCES "CAR_RENTAL_PROJECT"."KLIENT" ("ID_KLIENT") ENABLE;
  ALTER TABLE "CAR_RENTAL_PROJECT"."REZERWACJA" ADD CONSTRAINT "PAKIETY_DODATKOWE_FK" FOREIGN KEY ("ID_PAKIETU")
	  REFERENCES "CAR_RENTAL_PROJECT"."PAKIETY_DODATKOWE" ("ID_PAKIETU") ENABLE;
  ALTER TABLE "CAR_RENTAL_PROJECT"."REZERWACJA" ADD CONSTRAINT "PRACOWNICY_FK" FOREIGN KEY ("ID_PRACOWNIKA")
	  REFERENCES "CAR_RENTAL_PROJECT"."PRACOWNICY" ("ID_PRACOWNIKA") ENABLE;
  ALTER TABLE "CAR_RENTAL_PROJECT"."REZERWACJA" ADD CONSTRAINT "SAMOCHOD_FK" FOREIGN KEY ("ID_SAMOCHOD")
	  REFERENCES "CAR_RENTAL_PROJECT"."SAMOCHOD" ("ID_SAMOCHOD") ENABLE;
--------------------------------------------------------
--  Ref Constraints for Table SAMOCHOD
--------------------------------------------------------

  ALTER TABLE "CAR_RENTAL_PROJECT"."SAMOCHOD" ADD CONSTRAINT "LEASING_FK" FOREIGN KEY ("ID_LEASING")
	  REFERENCES "CAR_RENTAL_PROJECT"."LEASING" ("ID_LEASING") ENABLE;
  ALTER TABLE "CAR_RENTAL_PROJECT"."SAMOCHOD" ADD CONSTRAINT "MARKAMODEL_FK" FOREIGN KEY ("ID_MARKA_MODEL")
	  REFERENCES "CAR_RENTAL_PROJECT"."MARKAMODEL" ("ID_MARKA_MODEL") ENABLE;
  ALTER TABLE "CAR_RENTAL_PROJECT"."SAMOCHOD" ADD CONSTRAINT "ODDZIAL_FKV1" FOREIGN KEY ("ID_ODZIAL")
	  REFERENCES "CAR_RENTAL_PROJECT"."ODDZIAL" ("ID_ODZIAL") ENABLE;
